,News Org,Date,Tweet,Compound,Positive,Negative,Neutral,Tweets Ago
0,BBC,Mon Jan 08 05:55:18 +0000 2018,China oil spill sparks fears of environmental disaster https://t.co/FhvXSbdwo3,-0.7845,0.0,0.504,0.496,1
1,BBC,Mon Jan 08 05:21:31 +0000 2018,Cardinal Pell: Man who made abuse allegation dies https://t.co/52ndskyYU6,-0.6369,0.0,0.656,0.344,2
2,BBC,Mon Jan 08 05:21:31 +0000 2018,Winter Olympics targeted by hackers says security firm https://t.co/PgIiXB2iyJ,0.34,0.231,0.769,0.0,3
3,BBC,Mon Jan 08 04:34:52 +0000 2018,"RT @BBCNewsAsia: #BTSARMY, this one's for you. üíï

What's in store for the princes of K-pop in 2018? https://t.co/a8AJEGnMwS

üë®‚Äçüé§üë®‚Äçüé§üë®‚Äçüé§üë®‚Äçüé§üë®‚Äç‚Ä¶",0.0,0.0,1.0,0.0,4
4,BBC,Mon Jan 08 04:08:44 +0000 2018,"RT @BBCBreaking: Three Billboards Outside Ebbing, Missouri wins 'Best Motion Picture - Drama'

#GoldenGlobes https://t.co/EYJJHWbjY6 https:‚Ä¶",0.836,0.378,0.622,0.0,5
5,BBC,Mon Jan 08 04:03:53 +0000 2018,"RT @BBCBreaking: Frances McDormand wins 'Best Actress in a Motion Picture - Drama' for her role in Three Billboards Outside Ebbing, Missour‚Ä¶",0.836,0.305,0.695,0.0,6
6,BBC,Mon Jan 08 03:53:58 +0000 2018,"RT @BBCBreaking: Gary Oldman wins 'Best Actor in a Motion Picture - Drama' 

#GoldenGlobes https://t.co/068UHmydVC https://t.co/aePg1yXPrl",0.836,0.397,0.603,0.0,7
7,BBC,Mon Jan 08 03:46:21 +0000 2018,"RT @BBCBreaking: Lady Bird wins 'Best Motion Picture - Comedy/Musical' 

#GoldenGlobes https://t.co/QrKvMydAKS https://t.co/8cBGj7mkcm",0.836,0.441,0.559,0.0,8
8,BBC,Mon Jan 08 03:38:11 +0000 2018,"RT @BBCBreaking: Saoirse Ronan wins 'Best Actress in a Comedy/Musical Motion Picture' for her role in Lady Bird

#GoldenGlobes https://t.co‚Ä¶",0.836,0.317,0.683,0.0,9
9,BBC,Mon Jan 08 03:34:06 +0000 2018,.@Oprah's acceptance speech for the Cecil B. DeMille Award at this year's #GoldenGlobes drew a standing ovation fro‚Ä¶ https://t.co/CmO7nDRQpX,0.7579,0.289,0.711,0.0,10
10,BBC,Mon Jan 08 03:12:05 +0000 2018,"Heart attack care dangerously unequal for women, study finds https://t.co/om2OzlLrbX",-0.6486,0.181,0.339,0.48,11
11,BBC,Mon Jan 08 02:53:04 +0000 2018,"Laura Dern, winner of Best Supporting Actress for her role in @Big_Little_Lies, address sexual assault survivors in‚Ä¶ https://t.co/xzehCnUiTy",0.7964,0.38,0.488,0.132,12
12,BBC,Mon Jan 08 02:50:08 +0000 2018,"RT @BBCBreaking: Ewan McGregor wins 'Best Actor in a Television Miniseries' for his role in Fargo

#GoldenGlobes https://t.co/Ow1hcEIybA ht‚Ä¶",0.836,0.331,0.669,0.0,13
13,BBC,Mon Jan 08 02:11:16 +0000 2018,"RT @BBCBreaking: James Franco wins 'Best Actor in a Comedy/Musical Motion Picture'

#GoldenGlobes https://t.co/9ws5IWhSCr https://t.co/bwSj‚Ä¶",0.836,0.397,0.603,0.0,14
14,BBC,Mon Jan 08 01:58:23 +0000 2018,Bitcoin blip https://t.co/EPXfAvFDmP,0.0,0.0,1.0,0.0,15
15,BBC,Mon Jan 08 01:57:36 +0000 2018,#GoldenGlobes: Actress Elisabeth Moss wins best actress in a drama series for her role in @handmaidsonhulu‚Ä¶ https://t.co/hh9HYeX6rh,0.836,0.361,0.639,0.0,16
16,BBC,Mon Jan 08 01:03:48 +0000 2018,Plays behind bars https://t.co/K2Lx1O5qCs,0.25,0.4,0.6,0.0,17
17,BBC,Mon Jan 08 01:00:39 +0000 2018,Out of power https://t.co/INCQoUPxgd,0.0,0.0,1.0,0.0,18
18,BBC,Mon Jan 08 00:56:59 +0000 2018,Tattooist of Auschwitz https://t.co/uycegYsPx8,0.0,0.0,1.0,0.0,19
19,BBC,Mon Jan 08 00:49:20 +0000 2018,"Bigly, covfefe, sad! https://t.co/QJ8MnsPhvM",-0.5255,0.0,0.469,0.531,20
20,BBC,Mon Jan 08 00:45:50 +0000 2018,Child bride to wrestling star https://t.co/pJvS8sMkH6,0.0,0.0,1.0,0.0,21
21,BBC,Mon Jan 08 00:45:50 +0000 2018,Dubai to build new record-breaking skyscraper https://t.co/1bihFI529P,0.0,0.0,1.0,0.0,22
22,BBC,Mon Jan 08 00:34:44 +0000 2018,"A blackout on the Red Carpet for the 75th #GoldenGlobes:
Celebrities are dressed from head to toe in black to in su‚Ä¶ https://t.co/ZRIkBTmMB8",0.0,0.0,1.0,0.0,23
23,BBC,Sun Jan 07 23:48:35 +0000 2018,Syria war: Explosion reportedly kills at least 23 in rebel-held Idlib https://t.co/tmLUnASoyN,-0.8126,0.0,0.575,0.425,24
24,BBC,Sun Jan 07 23:28:26 +0000 2018,Brazil drug lord accused of deadly jail riot seized https://t.co/XAbbeaCCvo,-0.7003,0.0,0.58,0.42,25
25,BBC,Sun Jan 07 19:02:10 +0000 2018,Israel dig unearths prehistoric 'paradise' https://t.co/AnliOKszrK,0.0,0.0,1.0,0.0,26
26,BBC,Sun Jan 07 18:24:10 +0000 2018,Ireland hosts festive tree throwing battle https://t.co/7upSKkFntg,0.1027,0.283,0.472,0.245,27
27,BBC,Sun Jan 07 17:28:47 +0000 2018,Fire and Fury: Trump allies dismiss 'fantasy book' https://t.co/nQK19Golof,-0.7269,0.0,0.534,0.466,28
28,BBC,Sun Jan 07 17:24:52 +0000 2018,Egypt's ex-PM backs out of Sisi challenge https://t.co/p7HUNkeugg,0.0258,0.153,0.706,0.141,29
29,BBC,Sun Jan 07 17:22:12 +0000 2018,"""The smoke is so thick... it's blocking out the sun"" - South Australia fire tears through farm land‚Ä¶ https://t.co/dbVe4f9hPr",-0.7322,0.0,0.677,0.323,30
30,BBC,Sun Jan 07 16:27:02 +0000 2018,RT @BBC_HaveYourSay: Iranian unrest is unleashed on a new battleground https://t.co/asrfWWIyMd,-0.4019,0.0,0.769,0.231,31
31,BBC,Sun Jan 07 15:49:42 +0000 2018,Boris Becker responds to 'clearly racist' AfD tweet https://t.co/4fznvJB4Rs,-0.3182,0.197,0.511,0.292,32
32,BBC,Sun Jan 07 14:31:33 +0000 2018,Stockholm station blast: Man dies in 'hand grenade' explosion https://t.co/SOey7jyCea,0.4939,0.262,0.738,0.0,33
33,BBC,Sun Jan 07 14:07:11 +0000 2018,Snowing or glowing? https://t.co/em8Ks1aGPZ,0.0,0.0,1.0,0.0,34
34,BBC,Sun Jan 07 13:41:09 +0000 2018,A beauty contest with a difference üêü https://t.co/ardDeFBwO5,0.5859,0.487,0.513,0.0,35
35,BBC,Sun Jan 07 13:22:38 +0000 2018,"France Gall was ""a timeless icon of French song"", said Culture Minister Fran√ßoise Nyssen 

https://t.co/K6KF7MENGv https://t.co/RgjBp9otcH",0.0,0.0,1.0,0.0,36
36,BBC,Sun Jan 07 13:14:18 +0000 2018,"France Gall, French popstar who shot to fame in 1960s, dies https://t.co/K6KF7MENGv",0.4404,0.209,0.791,0.0,37
37,BBC,Sun Jan 07 12:05:16 +0000 2018,Myanmar Rohingya militants Arsa vow to fight on after attack https://t.co/YRLUPuWRee,-0.6908,0.0,0.612,0.388,38
38,BBC,Sun Jan 07 12:01:36 +0000 2018,Syria war: Russia thwarts drone attack on Hmeimim airbase https://t.co/h9j08xm0Xh,-0.8126,0.0,0.455,0.545,39
39,BBC,Sun Jan 07 11:37:34 +0000 2018,Cyber battle on the streets https://t.co/3hJGVBmk9t,-0.3818,0.0,0.658,0.342,40
40,BBC,Sun Jan 07 11:33:52 +0000 2018,"A dinghy carrying people attempting to reach Europe has sunk off the coast of Libya 

https://t.co/sai3mXIi8p https://t.co/ie0r4Q3Kwh",0.0258,0.068,0.932,0.0,41
41,BBC,Sun Jan 07 11:20:36 +0000 2018,Orthodox Christmas marked in Russia and Egypt https://t.co/tVQz1gmaLm,0.0,0.0,1.0,0.0,42
42,BBC,Sun Jan 07 10:16:24 +0000 2018,French President Emmanuel Macron lays a wreath to commemorate the 12 victims of 2015 Charlie Hebdo attack‚Ä¶ https://t.co/dyhTN5jB6v,-0.3182,0.0,0.874,0.126,43
43,BBC,Sun Jan 07 09:55:53 +0000 2018,"RT @MarrShow: ""What I make of him is somebody who is taking decisions on what he believes is in the best interests of the United States"" PM‚Ä¶",0.8402,0.281,0.719,0.0,44
44,BBC,Sun Jan 07 09:05:07 +0000 2018,'Pioneer' astronaut John Young dies https://t.co/sxFinSANUi,0.0,0.0,1.0,0.0,45
45,BBC,Sun Jan 07 08:27:47 +0000 2018,"RT @BBCSteveR: Russian Christmas at the church down the road: burning incense, candles &amp; a church so full that some worshippers had to stan‚Ä¶",0.2023,0.076,0.924,0.0,46
46,BBC,Sun Jan 07 07:13:23 +0000 2018,Sydney swelters in hottest day since 1939 as mercury hits 47.3C https://t.co/LpOZcdN8fD,0.0,0.0,1.0,0.0,47
47,BBC,Sun Jan 07 06:32:31 +0000 2018,Tanker and ship collision near Shanghai leaves 32 missing https://t.co/CS22X78nuL,-0.5719,0.0,0.63,0.37,48
48,BBC,Sun Jan 07 05:39:44 +0000 2018,Germany coalition: Merkel courts SPD as pivotal talks begin https://t.co/OvX3pUJ7cw,0.0,0.0,1.0,0.0,49
49,BBC,Sun Jan 07 04:38:37 +0000 2018,Golden Globes: Sex scandal fallout expected to dominate Hollywood awards https://t.co/oNJovSEtte,-0.1027,0.195,0.519,0.286,50
50,BBC,Sun Jan 07 03:01:48 +0000 2018,New life for Rome's 'baldy' Christmas tree Spelacchio https://t.co/IwEcZfnd9F,0.0,0.0,1.0,0.0,51
51,BBC,Sun Jan 07 02:41:44 +0000 2018,Peru ex-leader Fujimori calls for unity after release https://t.co/ItBxBmOXuq,0.0,0.0,1.0,0.0,52
52,BBC,Sun Jan 07 01:19:30 +0000 2018,Merkel's last chance? https://t.co/JEtNSxcdYs,0.25,0.4,0.6,0.0,53
53,BBC,Sun Jan 07 01:04:10 +0000 2018,Mine's bigger https://t.co/cpgsEYTtzs,0.0,0.0,1.0,0.0,54
54,BBC,Sun Jan 07 01:00:35 +0000 2018,Death by selfie https://t.co/nr2lwSnMGr,-0.5994,0.0,0.435,0.565,55
55,BBC,Sun Jan 07 00:40:20 +0000 2018,Jerry Van Dyke: Coach actor and comedian dies at 86 https://t.co/ydaaPMMRXt,0.0,0.183,0.634,0.183,56
56,BBC,Sun Jan 07 00:25:15 +0000 2018,French posties deliver friendship https://t.co/pnHPZsHwKs,0.4404,0.42,0.58,0.0,57
57,BBC,Sun Jan 07 00:25:15 +0000 2018,'How I found out I was black' https://t.co/sxXI2PGf1x,0.0,0.0,1.0,0.0,58
58,BBC,Sun Jan 07 00:12:56 +0000 2018,AfroPunk's homecoming https://t.co/9rt7Nkl7ej,0.0,0.0,1.0,0.0,59
59,BBC,Sun Jan 07 00:08:50 +0000 2018,From no-go to hot spot https://t.co/q9lqGsylYu,0.0,0.0,1.0,0.0,60
60,BBC,Sat Jan 06 21:49:42 +0000 2018,Casamance: Thirteen dead in attack in restive Senegalese region https://t.co/QhRY2KKC6e,-0.8126,0.0,0.519,0.481,61
61,BBC,Sat Jan 06 19:59:11 +0000 2018,"John Young, US astronaut and pioneer, dies aged 87 https://t.co/jGgeBNp2KS",0.0,0.0,1.0,0.0,62
62,BBC,Sat Jan 06 18:46:36 +0000 2018,Philippe Coutinho: Liverpool agree ¬£142m deal with Barcelona for Brazil midfielder https://t.co/xJt9Rl89DK,0.3612,0.185,0.815,0.0,63
63,BBC,Sat Jan 06 17:54:06 +0000 2018,Fire and Fury: Trump says book is 'a work of fiction' https://t.co/rdaJNezUd1,-0.7269,0.0,0.621,0.379,64
64,BBC,Sat Jan 06 17:53:23 +0000 2018,RT @BBCSport: Liverpool have agreed a ¬£142m deal with Barcelona for Philippe Coutinho - it will be the second most expensive transfer of al‚Ä¶,0.2732,0.091,0.909,0.0,65
65,BBC,Sat Jan 06 17:46:46 +0000 2018,Saudi princes 'arrested for holding anti-austerity protest' https://t.co/0VIQubDjzd,-0.6249,0.0,0.541,0.459,66
66,BBC,Sat Jan 06 17:35:08 +0000 2018,"US President Donald Trump on planned talks between North and South Korea: ""Without my tough stance... they wouldn't‚Ä¶ https://t.co/1R0quaY9zt",-0.128,0.0,0.923,0.077,67
67,BBC,Sat Jan 06 17:32:56 +0000 2018,Migrants drown as dinghy sinks off Libya coast https://t.co/fDRY6ZhpQT,-0.5719,0.0,0.684,0.316,68
68,BBC,Sat Jan 06 17:20:59 +0000 2018,"RT @BBCBreaking: ""I went to the best college, I was a very excellent student... the author is a fraud"" - US President Donald Trump speaks o‚Ä¶",0.659,0.264,0.613,0.123,69
69,BBC,Sat Jan 06 16:52:27 +0000 2018,German and Turkish officials vow to end spat https://t.co/gOBKn78h6E,0.0,0.0,1.0,0.0,70
70,BBC,Sat Jan 06 13:55:51 +0000 2018,"Iran protests: Students 'among more than 1,000 arrested' https://t.co/0gXvwCiz82",-0.6444,0.0,0.571,0.429,71
71,BBC,Sat Jan 06 13:41:52 +0000 2018,"Syria war: Hospitals being targeted, aid workers say https://t.co/J8EJq6cPGT",-0.5994,0.0,0.672,0.328,72
72,BBC,Sat Jan 06 13:38:00 +0000 2018,"North Korea 'likely' to attend Olympics in South, says official https://t.co/c5AIPCHq33",0.0,0.0,1.0,0.0,73
73,BBC,Sat Jan 06 12:51:14 +0000 2018,Explosion as two planes collide in Toronto Pearson https://t.co/TxnF54AEsE,-0.0772,0.0,0.86,0.14,74
74,BBC,Sat Jan 06 12:39:27 +0000 2018,"A passenger captures the dramatic moment his plane collides with another aircraft, sparking a fire‚Ä¶ https://t.co/Ipg1MdcA8U",-0.2732,0.0,0.861,0.139,75
75,BBC,Sat Jan 06 12:18:59 +0000 2018,Trump and Republicans push 2018 plans amid Wolff book row https://t.co/W7oMhC5nYZ,0.0,0.0,1.0,0.0,76
76,BBC,Sat Jan 06 11:58:15 +0000 2018,The world's most obese man's attempt to lose weight https://t.co/aTtdhwZfJU,-0.4019,0.0,0.769,0.231,77
77,BBC,Sat Jan 06 10:50:48 +0000 2018,Kuwait City stadium barrier collapse injures 40 football fans https://t.co/Y3lBaLljna,-0.5719,0.0,0.63,0.37,78
78,BBC,Sat Jan 06 10:09:19 +0000 2018,RT @BBCSteveR: A curious find in a Moscow bookshop: Vladimir Putin's family history going back to the 1600s. Includes a giant family tree y‚Ä¶,0.3182,0.103,0.897,0.0,79
79,BBC,Sat Jan 06 09:59:30 +0000 2018,"This dog is making the most of the snow, all on her own ‚ùÑÔ∏èüê∂üõ∑

https://t.co/rlGFCrN2WL https://t.co/L3kelJvKOy",0.0,0.0,1.0,0.0,80
80,BBC,Sat Jan 06 09:19:08 +0000 2018,"Cars frozen in Revere, Massachusetts' floodwaters https://t.co/cQoqVOYQ70",0.0,0.0,1.0,0.0,81
81,BBC,Sat Jan 06 08:32:59 +0000 2018,"RT @BBCr4today: Donald Trump has branded him a ""total loser"" and accused him of making up stories, but @MichaelWolffNYC believes his book c‚Ä¶",-0.4215,0.0,0.84,0.16,82
82,BBC,Sat Jan 06 07:53:45 +0000 2018,United Airlines plane forced to land due to passenger's faeces https://t.co/7yLlQXKYcB,-0.0516,0.189,0.608,0.203,83
83,BBC,Sat Jan 06 06:32:48 +0000 2018,Turkish President Erdogan berates French journalist https://t.co/pyd3sZoPUq,0.0,0.0,1.0,0.0,84
84,BBC,Sat Jan 06 02:07:13 +0000 2018,Plane evacuated after Toronto airport collision https://t.co/Zq58b9iKOO,-0.3612,0.0,0.706,0.294,85
85,BBC,Sat Jan 06 01:39:39 +0000 2018,US imposes more sanctions on Venezuelans https://t.co/jPmMh0kXqx,-0.1027,0.0,0.811,0.189,86
86,BBC,Sat Jan 06 01:23:31 +0000 2018,Saudi Arabia gives handout to compensate for new tax https://t.co/Ld18tTXEbD,0.0,0.0,1.0,0.0,87
87,BBC,Sat Jan 06 00:20:04 +0000 2018,Cat and mouse https://t.co/TAeSSEIyhw,0.0,0.0,1.0,0.0,88
88,BBC,Sat Jan 06 00:12:34 +0000 2018,#MeToo moment https://t.co/99g3Sdl4ch,0.0,0.0,1.0,0.0,89
89,BBC,Sat Jan 06 00:08:40 +0000 2018,Late goal https://t.co/iHp7CzidS7,0.0,0.0,1.0,0.0,90
90,BBC,Fri Jan 05 23:31:15 +0000 2018,Trump: Tillerson 'never questioned' president's mental health https://t.co/MmrUCq2c23,0.0762,0.156,0.844,0.0,91
91,BBC,Fri Jan 05 23:08:44 +0000 2018,"RT @BBCNorthAmerica: You don't know cold until you've been to Mount Washington, New Hampshire

https://t.co/cJ9In0mt7O https://t.co/58tOwBE‚Ä¶",0.0,0.0,1.0,0.0,92
92,BBC,Fri Jan 05 22:55:02 +0000 2018,'World's most expensive vodka' found on Danish building site https://t.co/8gstrqbYTV,0.0,0.0,1.0,0.0,93
93,BBC,Fri Jan 05 22:30:38 +0000 2018,Mexico: Five human heads found on Veracruz taxi bonnet https://t.co/Lrv0qAbjhm,0.0,0.0,1.0,0.0,94
94,BBC,Fri Jan 05 21:34:46 +0000 2018,Russia berates US for UN meeting on Iran https://t.co/lxEX40Gnm9,0.0,0.0,1.0,0.0,95
95,BBC,Fri Jan 05 21:31:39 +0000 2018,"RT @BBCBreaking: Russia mounts fierce criticism of US for convening UN Security Council over Iran protests that are"" internal affair"" https‚Ä¶",-0.34,0.095,0.714,0.19,96
96,BBC,Fri Jan 05 20:46:54 +0000 2018,Dog 'lay beside dead owner for weeks' in Hungary flat https://t.co/MFEEsJspL0,-0.6486,0.0,0.699,0.301,97
97,BBC,Fri Jan 05 20:43:00 +0000 2018,Clinton Foundation investigated by Justice Department https://t.co/rP6L2U9Sy2,0.5267,0.362,0.638,0.0,98
98,BBC,Fri Jan 05 20:39:05 +0000 2018,Frozen waterfalls form on China's Tianmen Mountain https://t.co/Orffy5kXUT,0.0,0.0,1.0,0.0,99
99,BBC,Fri Jan 05 20:07:15 +0000 2018,Mount Washington winds will make it feel like -90F https://t.co/bGtr4otsjG,0.3612,0.217,0.783,0.0,100
100,New York Times,Mon Jan 08 05:50:44 +0000 2018,"In an 11,500-year-old skeleton found in Alaska, scientists have found new clues to how people first arrived in the‚Ä¶ https://t.co/HrX9q2fbZY",0.0,0.0,1.0,0.0,1
101,New York Times,Mon Jan 08 05:35:18 +0000 2018,"As Trump Appeals to Farmers, Some of His Policies Don‚Äôt https://t.co/5wHodB1Gwl",0.0,0.0,1.0,0.0,2
102,New York Times,Mon Jan 08 05:23:55 +0000 2018,"The experience was overwhelming, confusing (where are their parents?) and educational. Here‚Äôs what the sneaker expe‚Ä¶ https://t.co/iz3enR4n5C",-0.2263,0.0,0.894,0.106,3
103,New York Times,Mon Jan 08 05:09:35 +0000 2018,"In an ancient burial pit in Alaska, scientists have found new clues to how people first arrived in the Americas fro‚Ä¶ https://t.co/xjQZgJNlF1",0.0,0.0,1.0,0.0,4
104,New York Times,Mon Jan 08 04:52:06 +0000 2018,"Debra Messing, live on E!, chastised E! https://t.co/jcWr4yyKd6",-0.5837,0.0,0.649,0.351,5
105,New York Times,Mon Jan 08 04:28:03 +0000 2018,"Natalie Portman: ""And here are the all-male nominees"" https://t.co/SlTDj01NI7",0.0,0.0,1.0,0.0,6
106,New York Times,Mon Jan 08 04:18:00 +0000 2018,A full transcript of Oprah Winfrey's Golden Globes speech: https://t.co/Tvmp3xJDpO https://t.co/84WdtTcWnq,0.0,0.0,1.0,0.0,7
107,New York Times,Mon Jan 08 04:16:50 +0000 2018,The complete list of winners at the 2018 Golden Globes https://t.co/Bl9qcHIOZg,0.4767,0.237,0.763,0.0,8
108,New York Times,Mon Jan 08 04:11:40 +0000 2018,"""Three Billboards"" and ""Lady Bird"" won the top movie awards at the Golden Globes, and Oprah Winfrey jolted the crow‚Ä¶ https://t.co/irHWXYldIx",0.8176,0.321,0.679,0.0,9
109,New York Times,Mon Jan 08 04:07:49 +0000 2018,"Not everyone has been pleased with the Golden Globes success of ""Three Billboards Outside Ebbing, Missouri"" https://t.co/vAI40YiPYc",0.765,0.306,0.694,0.0,10
110,New York Times,Mon Jan 08 04:06:29 +0000 2018,"The NYT review of ""Three Billboards Outside Ebbing, Missouri,"" which just won a Golden Globe for best drama https://t.co/N9AQ06BKEl",0.836,0.331,0.669,0.0,11
111,New York Times,Mon Jan 08 04:02:02 +0000 2018,"Frances McDormand, in 2017: ""I‚Äôm not an actor because I want my picture taken. I‚Äôm an actor because I want to be pa‚Ä¶ https://t.co/yUNPt4nLx9",0.1531,0.115,0.885,0.0,12
112,New York Times,Mon Jan 08 03:53:04 +0000 2018,Photos: We sent a Pulitzer-prize winning photographer to capture the realities of the Golden Globes red carpet‚Ä¶ https://t.co/SnHpnV2pWN,0.5267,0.175,0.825,0.0,13
113,New York Times,Mon Jan 08 03:45:41 +0000 2018,"In most films, girls exist to be looked at. But in Greta Gerwig‚Äôs ""Lady Bird,"" the girl is the one who looks. From‚Ä¶ https://t.co/Hcii8NtPQb",0.0,0.0,1.0,0.0,14
114,New York Times,Mon Jan 08 03:44:23 +0000 2018,"The NYT review of ""Lady Bird,"" which just won a Golden Globe for best comedy/musical https://t.co/TctuZGKtlA",0.836,0.378,0.622,0.0,15
115,New York Times,Mon Jan 08 03:36:07 +0000 2018,"RT @nytimesarts: Saoirse Ronan wins the Golden Globe for best actress in a movie, comedy/musical for ""Lady Bird""",0.836,0.345,0.655,0.0,16
116,New York Times,Mon Jan 08 03:31:38 +0000 2018,"Reese Witherspoon: ""People out there who are feeling silenced ‚Äì we see you, we hear you and we will tell your story"" https://t.co/rgbbntDM54",0.128,0.067,0.933,0.0,17
117,New York Times,Mon Jan 08 03:28:37 +0000 2018,"Southern mothers. Brown lipstick. Red Vines. ""Big Little Lies."" https://t.co/W2sHiMzvyv",0.0,0.0,1.0,0.0,18
118,New York Times,Mon Jan 08 03:27:50 +0000 2018,"The NYT review of ""The Shape of Water,"" for which Guillermo del Toro just won a Golden Globe‚Ä¶ https://t.co/064UzoybD2",0.5719,0.179,0.821,0.0,19
119,New York Times,Mon Jan 08 03:17:10 +0000 2018,"Recy Taylor died weeks after the release of a documentary about her. Here's NYT's review of ""The Rape of Recy Taylo‚Ä¶ https://t.co/hXk64n3L0h",-0.8519,0.0,0.696,0.304,20
120,New York Times,Mon Jan 08 03:13:44 +0000 2018,"Recy Taylor, who Oprah just mentioned, was gang-raped by 6 white men in 1944, in a case that galvanized the early c‚Ä¶ https://t.co/AoMOdSLWKi",0.0,0.0,1.0,0.0,21
121,New York Times,Mon Jan 08 03:12:48 +0000 2018,"Oprah: ""I want tonight to express gratitude to all the women who have endured years of abuse and assault"" https://t.co/iIBrsJRmc2",-0.6597,0.161,0.559,0.28,22
122,New York Times,Mon Jan 08 03:10:04 +0000 2018,A running list of winners of the Golden Globes https://t.co/gDif32Vrf7,0.4767,0.279,0.721,0.0,23
123,New York Times,Mon Jan 08 03:03:56 +0000 2018,"Hi, Oprah https://t.co/BeLNbIckxg",0.0,0.0,1.0,0.0,24
124,New York Times,Mon Jan 08 02:59:49 +0000 2018,Sterling K. Brown became the first black man to win a Golden Globe for for best actor in a television drama https://t.co/XzA5nCs8ck,0.8402,0.308,0.692,0.0,25
125,New York Times,Mon Jan 08 02:57:13 +0000 2018,"From 2017: For Aziz Ansari, ‚ÄúMaster of None‚Äù is deeply personal. Season 2 was even more ambitious than the first. https://t.co/1wfRIu3DIg",0.5256,0.152,0.848,0.0,26
126,New York Times,Mon Jan 08 02:55:02 +0000 2018,Did you hear the one about the housewife who walks into a comedy club? It just won a Golden Globe. https://t.co/IcR6bvJb7k,0.7351,0.267,0.733,0.0,27
127,New York Times,Mon Jan 08 02:47:23 +0000 2018,Review: It turns out it was harder for Ryan Seacrest and Giuliana Rancic to pivot from clothes to crises than they‚Ä¶ https://t.co/opeFDDiYkT,0.0,0.0,1.0,0.0,28
128,New York Times,Mon Jan 08 02:39:05 +0000 2018,It took only 4 minutes for Harvey Weinstein to be booed at the 75th Golden Globes. https://t.co/kCxGLoPlle,0.0,0.0,1.0,0.0,29
129,New York Times,Mon Jan 08 02:26:58 +0000 2018,A full transcript of Seth Meyer's Golden Globes monologue https://t.co/SLeaAkQLYr,0.0,0.0,1.0,0.0,30
130,New York Times,Mon Jan 08 02:24:18 +0000 2018,"RT @nytimesarts: ""Coco"" was the story of my life: our readers share reactions to Pixar‚Äôs film, which just won a Golden Globe https://t.co/c‚Ä¶",0.7096,0.228,0.772,0.0,31
131,New York Times,Mon Jan 08 02:24:02 +0000 2018,"Miss Golden Globe is no more.
Long live the Golden Globe Ambassador. https://t.co/EkyRRfzHA4",-0.4215,0.0,0.743,0.257,32
132,New York Times,Mon Jan 08 02:21:31 +0000 2018,"The NYT review of ""Coco,"" which just won a Golden Globe https://t.co/YhhH6L3Er1",0.5719,0.27,0.73,0.0,33
133,New York Times,Mon Jan 08 02:16:07 +0000 2018,"""With that deeply Franco speech, we‚Äôre learning that, for white men, the theme of night might be #ThemToo."" ‚Äî‚Ä¶ https://t.co/AMgByYiAEA",0.0,0.0,1.0,0.0,34
134,New York Times,Mon Jan 08 02:14:31 +0000 2018,RT @sgoood: Tommy Wiseau on the Golden Globes stage? Of course! https://t.co/QOETvLnqan,0.0,0.0,1.0,0.0,35
135,New York Times,Mon Jan 08 02:10:13 +0000 2018,"Oh, hi Mark! https://t.co/ZZrAgTISvL",0.0,0.0,1.0,0.0,36
136,New York Times,Mon Jan 08 02:09:40 +0000 2018,"James Franco, on playing Tommy Wiseau: ""I could relate to the story, as insane as it was, because it was a story ab‚Ä¶ https://t.co/4nsHr9TaUD",-0.2263,0.071,0.824,0.106,37
137,New York Times,Mon Jan 08 02:07:34 +0000 2018,We asked Golden Globes nominees about sexism. Here's what they said. https://t.co/Kvt27yJ7VJ,0.0,0.0,1.0,0.0,38
138,New York Times,Mon Jan 08 02:03:25 +0000 2018,@yashar The caption has long since been updated to properly acknowledge the wonderful Rita Moreno‚Ä¶ https://t.co/GyYKMhgs8k,0.5719,0.198,0.802,0.0,39
139,New York Times,Mon Jan 08 02:02:45 +0000 2018,A running list of winners of the Golden Globes https://t.co/JSqjCG3OKO,0.4767,0.279,0.721,0.0,40
140,New York Times,Mon Jan 08 02:00:02 +0000 2018,@itsgabrielleu The caption has since been updated to acknowledge QUEEN Rita Moreno https://t.co/YSr4G1EOOg https://t.co/tA1sNvRgxj,0.0,0.0,1.0,0.0,41
141,New York Times,Mon Jan 08 01:52:14 +0000 2018,RT @jodikantor: A new kind of red carpet pic. https://t.co/Ylb8P74YVM https://t.co/NMz8mQUSr4,0.0,0.0,1.0,0.0,42
142,New York Times,Mon Jan 08 01:46:25 +0000 2018,"""The Handmaid's Tale"" just won the Golden Globe for best TV drama series https://t.co/ZsPY9uRuF2",0.836,0.397,0.603,0.0,43
143,New York Times,Mon Jan 08 01:43:26 +0000 2018,"RT @nytimesarts: Sterling K. Brown wins the Golden Globe for best actor, TV drama for ""This Is Us""",0.836,0.331,0.669,0.0,44
144,New York Times,Mon Jan 08 01:41:36 +0000 2018,"The Pentagon Papers are back in the spotlight with the release of ""The Post."" Here's how the top-secret cache of do‚Ä¶ https://t.co/WZxCxAnt7p",0.0,0.0,1.0,0.0,45
145,New York Times,Mon Jan 08 01:32:32 +0000 2018,"Elisabeth Moss, who just won a Golden Globe, said this about ""The Handmaid's Tale"" in 2017: ""We never knew that it‚Ä¶ https://t.co/nHsu098mJ6",0.5719,0.156,0.844,0.0,46
146,New York Times,Mon Jan 08 01:31:31 +0000 2018,"Rachel Brosnahan, on her audition for ""The Marvelous Mrs. Maisel"": ""I think I may have had a small stroke? I litera‚Ä¶ https://t.co/Y3McO285is",0.5994,0.178,0.822,0.0,47
147,New York Times,Mon Jan 08 01:30:02 +0000 2018,"Rachel Brosnahan's role in ""The Marvelous Mrs. Maisel"" ‚Äî for which she just won a Golden
 Globe ‚Äî came at a moment‚Ä¶ https://t.co/mYvw6DUGoa",0.8225,0.309,0.691,0.0,48
148,New York Times,Mon Jan 08 01:27:21 +0000 2018,"""I‚Äôm a Sam Rockwell fan who despises the moral and emotional and metaphorical confusion that is 'Three Billboards O‚Ä¶ https://t.co/PHLTjLjTki",-0.3182,0.162,0.622,0.216,49
149,New York Times,Mon Jan 08 01:24:37 +0000 2018,A running list of winners of the Golden Globes https://t.co/rfuetPaDVb,0.4767,0.279,0.721,0.0,50
150,New York Times,Mon Jan 08 01:24:05 +0000 2018,"The truth has a voice.

This commercial for The New York Times premiered during the Golden Globes. https://t.co/bDdSVPgLzf",0.3182,0.126,0.874,0.0,51
151,New York Times,Mon Jan 08 01:20:05 +0000 2018,"The NYT review of ""Three Billboards Outside Ebbing, Missouri,"" for which Sam Rockwell just won a Golden Globe https://t.co/MaFqqW4B72",0.5719,0.179,0.821,0.0,52
152,New York Times,Mon Jan 08 01:16:18 +0000 2018,"RT @nytimesarts: Nicole Kidman wins the Golden Globe for best actress, TV movie or miniseries for ""Big Little Lies""",0.7501,0.299,0.606,0.095,53
153,New York Times,Mon Jan 08 01:15:07 +0000 2018,"With ""Big Little Lies,"" Nicole Kidman (who just won a Golden Globe) helped ensure that complicated stories about wo‚Ä¶ https://t.co/2Xs4jBZcwi",0.743,0.27,0.73,0.0,54
154,New York Times,Mon Jan 08 01:11:45 +0000 2018,Amy Poehler is among 8 actresses who are accompanied by activists at the Golden Globes https://t.co/2lttz5Hhnr,0.0,0.0,1.0,0.0,55
155,New York Times,Mon Jan 08 01:08:13 +0000 2018,"RT @NYTStyles: Harvey Weinstein helped build the awards circuit as we know it. He‚Äôll be gone from this year‚Äôs Golden Globes‚Äî derided, decri‚Ä¶",0.296,0.116,0.814,0.07,56
156,New York Times,Mon Jan 08 01:06:59 +0000 2018,"""Seth Meyers is making the most of the anxiety about how he‚Äôd do,"" @melenar writes of the Golden Globes https://t.co/39vndAdGbB",-0.2415,0.0,0.906,0.094,57
157,New York Times,Mon Jan 08 01:01:51 +0000 2018,"Seth Meyers on hosting the Golden Globes: ""If we‚Äôre going to talk about what‚Äôs been going on lately, then I can bri‚Ä¶ https://t.co/YV4dakchyJ",0.0,0.0,1.0,0.0,58
158,New York Times,Mon Jan 08 00:49:05 +0000 2018,The Golden Globes are Hollywood's first major gathering of the #MeToo era. How will the stars respond? Join us for‚Ä¶ https://t.co/TqLeZdHE7u,0.296,0.099,0.901,0.0,59
159,New York Times,Mon Jan 08 00:36:03 +0000 2018,Photos: The latest action from the Golden Globes red carpet https://t.co/MXly37Tooe,0.0,0.0,1.0,0.0,60
160,New York Times,Mon Jan 08 00:35:01 +0000 2018,This succulent chicken recipe is as timeless as they come https://t.co/rwRhC2geUg,0.0,0.0,1.0,0.0,61
161,New York Times,Mon Jan 08 00:29:12 +0000 2018,"RT @NYTStyles: Amy Poehler is at the #GoldenGlobes with Saru Jayaraman, an advocate and attorney for restaurant workers. https://t.co/63UNN‚Ä¶",0.0,0.0,1.0,0.0,62
162,New York Times,Mon Jan 08 00:20:48 +0000 2018,We asked Golden Globes nominees about sexism. Here's what they said. https://t.co/jmJBHHQq3O,0.0,0.0,1.0,0.0,63
163,New York Times,Mon Jan 08 00:08:43 +0000 2018,"Debra Messing, live on E!, used her red carpet interview to chastise E! https://t.co/2dLp7CzTZB",-0.6229,0.0,0.761,0.239,64
164,New York Times,Mon Jan 08 00:07:42 +0000 2018,"The Golden Globes will be draped in black, quite literally, with actresses and some actors vowing to use their atti‚Ä¶ https://t.co/l3PnmcRnU0",0.0,0.0,1.0,0.0,65
165,New York Times,Mon Jan 08 00:02:10 +0000 2018,Follow @caraNYT for more updates from the Golden Globes red carpet. https://t.co/i1Xg4qdNGR,0.0,0.0,1.0,0.0,66
166,New York Times,Sun Jan 07 23:57:04 +0000 2018,Time's Up pins are the political accessory at the Golden Globes https://t.co/jzk1PpV0Eo,0.0,0.0,1.0,0.0,67
167,New York Times,Sun Jan 07 23:47:46 +0000 2018,"Michelle Williams, Emma Watson and six other actresses will each be accompanied by activists on the Golden Globes r‚Ä¶ https://t.co/Abb8kxQLI6",0.0,0.0,1.0,0.0,68
168,New York Times,Sun Jan 07 23:38:05 +0000 2018,Israel published a blacklist of 20 organizations whose leaders it has barred from entering the country for supporti‚Ä¶ https://t.co/DqhQS6nehV,0.0,0.0,1.0,0.0,69
169,New York Times,Sun Jan 07 23:34:20 +0000 2018,"RT @VVFriedman: The black fashion #goldenglobes movement seems to be divided along three lines: women who wear black tuxes, women who wear‚Ä¶",0.0,0.0,1.0,0.0,70
170,New York Times,Sun Jan 07 23:28:12 +0000 2018,"Given Hollywood's cultural reckoning, @NYTStyles decided to take a fresh approach to the Golden Globes red carpet.‚Ä¶ https://t.co/MPt3GxEvlR",0.3182,0.126,0.874,0.0,71
171,New York Times,Sun Jan 07 23:15:08 +0000 2018,RT @nytopinion: .@ambertamblyn: What we are wearing is not a statement of fashion. It is a statement of action. It is a direct message of r‚Ä¶,0.0,0.0,1.0,0.0,72
172,New York Times,Sun Jan 07 23:14:33 +0000 2018,"Debra Messing, being interviewed on E!: "" I was so shocked to hear E! doesn‚Äôt believe in paying their female co-hos‚Ä¶ https://t.co/Xpe0ozIlWX",-0.5537,0.0,0.842,0.158,73
173,New York Times,Sun Jan 07 23:10:05 +0000 2018,A group of 300 Hollywood women have formed a sprawling initiative to fight systemic sexual harassment https://t.co/mfaGVJPaxJ,-0.7269,0.0,0.681,0.319,74
174,New York Times,Sun Jan 07 23:09:41 +0000 2018,"RT @caraNYT: ""With the women's march and now this, it really feels like a revolution is taking place. Although it's not going to solve all‚Ä¶",0.2929,0.105,0.834,0.06,75
175,New York Times,Sun Jan 07 23:07:42 +0000 2018,"Meryl Streep: ""I don't want to hear about the silence of me. I want to hear about the silence of Melania Trump. I w‚Ä¶ https://t.co/8MDsR5wCGh",-0.1139,0.0,0.896,0.104,76
176,New York Times,Sun Jan 07 23:06:43 +0000 2018,Want updates from the Golden Globes red carpet? Follow @caraNYT. https://t.co/Aqd8KtYdwI,0.0772,0.115,0.885,0.0,77
177,New York Times,Sun Jan 07 23:00:32 +0000 2018,"The idea of Australia's 3,500-mile long dingo fence is simple: to keep feral dogs and dingoes on one side of the wi‚Ä¶ https://t.co/gTiUqFBRzo",0.0,0.0,1.0,0.0,78
178,New York Times,Sun Jan 07 22:49:37 +0000 2018,"RT @nytimesarts: 8 actresses, including Meryl Streep, Michelle Williams and Laura Dern, announced that they would be accompanied by activis‚Ä¶",0.0,0.0,1.0,0.0,79
179,New York Times,Sun Jan 07 22:45:09 +0000 2018,"Watch: At a suicide prevention hotline in Puerto Rico, calls are on the rise after Hurricane Maria. Officials warn‚Ä¶ https://t.co/q99BD9T3GX",-0.6705,0.0,0.8,0.2,80
180,New York Times,Sun Jan 07 22:30:30 +0000 2018,"A water main break flooded part of JFK airport, disrupting flights, stranding passengers and adding to the delays f‚Ä¶ https://t.co/LnRP1GuZ2O",0.0,0.0,1.0,0.0,81
181,New York Times,Sun Jan 07 22:15:04 +0000 2018,"As violence rises in Mexico, a handful of towns are quietly breaking from the state. But their experiments in quasi‚Ä¶ https://t.co/XGmDQiU7BX",-0.6249,0.0,0.823,0.177,82
182,New York Times,Sun Jan 07 22:00:18 +0000 2018,RT @nytpolitics: Senator Kirsten Gillibrand urged Al Franken to resign last month. ‚ÄúI believe she miscalculated and has shot herself in the‚Ä¶,-0.34,0.0,0.897,0.103,83
183,New York Times,Sun Jan 07 21:45:07 +0000 2018,Do falling crime rates mean the United States could do with fewer police officers? https://t.co/rilMExcdWy,-0.3182,0.141,0.603,0.256,84
184,New York Times,Sun Jan 07 21:30:05 +0000 2018,"RT @jwpetersNYT: Here is Bannon's statement in full, as provided to The Times. https://t.co/0R9JgvMOny",0.0,0.0,1.0,0.0,85
185,New York Times,Sun Jan 07 21:15:05 +0000 2018,Here are 5 things to watch for during this year‚Äôs Golden Globes ceremony https://t.co/MG0lb7e85l,0.0,0.0,1.0,0.0,86
186,New York Times,Sun Jan 07 21:00:10 +0000 2018,‚ÄúI don‚Äôt want trouble. I just want my son released.‚Äù https://t.co/pv6D2U1Hjv,-0.2732,0.211,0.569,0.22,87
187,New York Times,Sun Jan 07 20:45:05 +0000 2018,"""We did not find any issues, complaints or incidents of misconduct of any kind in the 8 years we worked together"" https://t.co/yfptIsndJI",0.1779,0.135,0.757,0.108,88
188,New York Times,Sun Jan 07 20:30:05 +0000 2018,"Amber Tamblyn writes in @nytopinion: ""What we are wearing is not a statement of fashion. It is a statement of actio‚Ä¶ https://t.co/ujSoyWwRKD",0.0,0.0,1.0,0.0,89
189,New York Times,Sun Jan 07 20:15:07 +0000 2018,"Last May, Jared Kushner accompanied President Trump on the pair‚Äôs first diplomatic trip to Israel.

Shortly before,‚Ä¶ https://t.co/ku4lkFaPFF",0.0,0.0,1.0,0.0,90
190,New York Times,Sun Jan 07 20:00:11 +0000 2018,RT @NYTHealth: Germany and other countries have health care systems that don't allow people with diabetes and other chronic illnesses to go‚Ä¶,-0.1695,0.118,0.702,0.18,91
191,New York Times,Sun Jan 07 19:45:08 +0000 2018,"‚ÄúIn my gut they moved too fast,‚Äù a major Democratic Party donor said of the senators who urged Al Franken to resign https://t.co/9xLDtSm3GD",0.0772,0.108,0.797,0.096,92
192,New York Times,Sun Jan 07 19:30:13 +0000 2018,Steve Bannon is quoted in a new book calling Donald Trump Jr.‚Äôs meeting with Russians in 2016 ‚Äútreasonous.‚Äù On Sund‚Ä¶ https://t.co/rnQmlLkXLN,0.0,0.0,1.0,0.0,93
193,New York Times,Sun Jan 07 19:15:03 +0000 2018,8 actresses at the Golden Globes are extending their political statements to their plus-ones https://t.co/7YKjboRg7z,0.0,0.0,1.0,0.0,94
194,New York Times,Sun Jan 07 19:00:05 +0000 2018,RT @nytimesbooks: 9 new books recommended by editors at The New York Times https://t.co/oHhF1AtR1B,0.2023,0.13,0.87,0.0,95
195,New York Times,Sun Jan 07 18:45:06 +0000 2018,He went by the username ‚ÄúKutecop4you‚Äù and described himself in an online ad as a ‚Äúdominate male police officer‚Äù see‚Ä¶ https://t.co/co0csu2GYu,0.0,0.0,1.0,0.0,96
196,New York Times,Sun Jan 07 18:30:26 +0000 2018,Read Steve Bannon's full statement on Donald Trump Jr. https://t.co/mUWsgSzIbN,0.0,0.0,1.0,0.0,97
197,New York Times,Sun Jan 07 18:15:04 +0000 2018,"""Some people try on shoes for fun. I try on houses."" https://t.co/HIvS3SFOhq",0.5106,0.248,0.752,0.0,98
198,New York Times,Sun Jan 07 18:00:18 +0000 2018,RT @NYTHealth: Exercise alters our microbiome. Is that one reason it‚Äôs so good for us? https://t.co/wMppLcutyo,0.5777,0.2,0.8,0.0,99
199,New York Times,Sun Jan 07 17:43:57 +0000 2018,"Breaking News: Steve Bannon said his ‚Äútreasonous‚Äù quote in a new book was not aimed at President Trump‚Äôs son, as he‚Ä¶ https://t.co/N1OZHbcIc9",0.0,0.0,1.0,0.0,100
200,Fox,Mon Jan 08 05:54:06 +0000 2018,"On @MediaBuzzFNC, Anthony @Scaramucci slammed Michael Wolff's book ""Fire and Fury,"" and defended the accomplishment‚Ä¶ https://t.co/xPz8Fss9Q1",-0.34,0.0,0.862,0.138,1
201,Fox,Mon Jan 08 05:48:02 +0000 2018,".@TGowdySC: ""Almost 60 Democrats voted to move forward with impeachment already - before Bob Mueller's released a s‚Ä¶ https://t.co/nB9j8V0FwX",0.0,0.0,1.0,0.0,2
202,Fox,Mon Jan 08 05:37:04 +0000 2018,".@TGowdySC: ""This time last year, Democrats wanted Comey prosecuted. Remember that? Harry Reid wanted him prosecute‚Ä¶ https://t.co/j9tqloghQz",-0.3818,0.0,0.86,0.14,3
203,Fox,Mon Jan 08 05:34:04 +0000 2018,".@charliekirk11: ""You look at what the president has accomplished over the last year, it's absolutely unprecedented‚Ä¶ https://t.co/l4DJX0jfLn",0.4404,0.153,0.847,0.0,4
204,Fox,Mon Jan 08 05:14:01 +0000 2018,".@marykissel: ""I am proud to be an American under an administration that speaks this way."" https://t.co/x9l7YqO514",0.4767,0.171,0.829,0.0,5
205,Fox,Mon Jan 08 04:56:04 +0000 2018,".@MissDiagnosis: ""Morally, [Noor Salman's] as implicated in the killings as her husband."" https://t.co/oNGJxeEPei https://t.co/4lR3VaxbGg",-0.6705,0.0,0.743,0.257,6
206,Fox,Mon Jan 08 04:56:03 +0000 2018,".@ThomTillis: ""There's a compelling humanitarian reason for securing the border: Thousands of people die trying to‚Ä¶ https://t.co/mt4fch74wm",-0.1779,0.199,0.616,0.185,7
207,Fox,Mon Jan 08 04:53:03 +0000 2018,Do you agree with Gov. @MartinOMalley? https://t.co/A7BFQiEjQS https://t.co/wpYdnL34eP,0.3612,0.263,0.737,0.0,8
208,Fox,Mon Jan 08 04:52:01 +0000 2018,"On ""Sunday Morning Futures with @MariaBartiromo,"" Sen. @ThomTillis slammed Democrats who have changed their tune ra‚Ä¶ https://t.co/2XuiHOozSG",0.0,0.0,1.0,0.0,9
209,Fox,Mon Jan 08 04:45:02 +0000 2018,"This morning on ""Fox &amp; Friends,"" hosts @PeteHegseth, @LisaMarieBoothe, and @GriffJenkins pointed out the big change‚Ä¶ https://t.co/cQWUsaaoH6",0.0,0.0,1.0,0.0,10
210,Fox,Mon Jan 08 04:44:03 +0000 2018,.@AlanDersh Blasts Fellow Dems Over Claims Trump Is Mentally Ill https://t.co/HWAh4Y9nmB https://t.co/26usWuaNZQ,-0.4215,0.0,0.797,0.203,11
211,Fox,Mon Jan 08 04:36:05 +0000 2018,".@LawrenceBJones3: ""I don't even believe we should be talking about this DACA issue until we take care of American‚Ä¶ https://t.co/t2zpaXcfXL",0.4939,0.144,0.856,0.0,12
212,Fox,Mon Jan 08 04:35:05 +0000 2018,"On @MediaBuzzFNC, Anthony @Scaramucci slammed Michael Wolff's book ""Fire and Fury,"" and defended the accomplishment‚Ä¶ https://t.co/ogTOr1GBEs",-0.34,0.0,0.862,0.138,13
213,Fox,Mon Jan 08 04:30:01 +0000 2018,"This morning on @foxandfriends, @LisaMarieBoothe discussed @TheDemocrats' recent approach to the issue of illegal i‚Ä¶ https://t.co/lqwEsXqqUR",-0.5574,0.0,0.806,0.194,14
214,Fox,Mon Jan 08 04:28:06 +0000 2018,".@BillClinton in 1996: ""We are increasing border controls by 50%. We are increasing inspections to prevent the hiri‚Ä¶ https://t.co/7NhfaCW4Bm",0.0258,0.058,0.942,0.0,15
215,Fox,Mon Jan 08 04:22:06 +0000 2018,".@gen_jackkeane: ""North Korea's feeling maximum pressure... Economic sanctions are finally starting to take hold."" https://t.co/n3p6ycGRC7",0.128,0.097,0.903,0.0,16
216,Fox,Mon Jan 08 04:19:05 +0000 2018,".@dbongino: ""Let me show you in about a minute or less what a hoax this whole thing is, this Russian collusion nons‚Ä¶ https://t.co/FNoe5I5ojE",-0.2075,0.0,0.917,0.083,17
217,Fox,Mon Jan 08 04:03:45 +0000 2018,Scientologist Elisabeth Moss slammed for 'hypocritical' Golden Globes speech https://t.co/2EePtKzBOq,0.0,0.0,1.0,0.0,18
218,Fox,Mon Jan 08 04:00:03 +0000 2018,Bannon expresses 'regret' for comments attributed to him in 'Fire and Fury' https://t.co/MIZB00ocAI https://t.co/hGbyREuSOD,-0.7269,0.0,0.663,0.337,19
219,Fox,Mon Jan 08 04:00:01 +0000 2018,"RIGHT NOW: @WilliamJBennett hosts ""The Wise Guys,"" a powerful discussion on America's future - Tune in at 8p &amp; 11p‚Ä¶ https://t.co/kgPH4m1yQ9",0.7096,0.258,0.742,0.0,20
220,Fox,Mon Jan 08 03:53:00 +0000 2018,"Chris Christie thinks he'd be president if Trump hadn't run, report says https://t.co/5TS5m3lw0B",0.0,0.0,1.0,0.0,21
221,Fox,Mon Jan 08 03:52:16 +0000 2018,"Earlier, @PressSec tweeted about the criticism President @realDonaldTrump receives from @TheDemocrats. https://t.co/vgaIo6Mnvz",-0.4404,0.0,0.791,0.209,22
222,Fox,Mon Jan 08 03:46:07 +0000 2018,".@RepMarkMeadows on new Clinton probe: ""If the attorney general is willing to be transparent, we'll applaud him...‚Ä¶ https://t.co/u5rdqB0mvG",0.4588,0.15,0.85,0.0,23
223,Fox,Mon Jan 08 03:21:03 +0000 2018,".@CLewandowski_: ""North Korea has to understand, there are consequences and the @UN has to act in a capacity that s‚Ä¶ https://t.co/kaHeerTK82",0.0,0.0,1.0,0.0,24
224,Fox,Mon Jan 08 03:09:00 +0000 2018,"New York's JFK Airport hit with massive delays, angry passengers after 'bomb cyclone' https://t.co/sNGrkna9ef",-0.7579,0.0,0.649,0.351,25
225,Fox,Mon Jan 08 03:02:19 +0000 2018,Fraternity brothers to be sentenced after allegedly covering up pledge hazing death https://t.co/F79revYE95,-0.6124,0.0,0.688,0.312,26
226,Fox,Mon Jan 08 02:46:07 +0000 2018,Blanca Blanco ignores all-black dress code at #GoldenGlobes https://t.co/I2kaS2Sv8K,-0.2732,0.0,0.792,0.208,27
227,Fox,Mon Jan 08 02:38:17 +0000 2018,#GoldenGlobes kick off 2018 award season: What to know about the show https://t.co/Dvp9gSj7bs,0.5423,0.226,0.774,0.0,28
228,Fox,Mon Jan 08 02:36:40 +0000 2018,"Henry Olsen on DACA: ""People low skilled throughout the developed world are hit by a double whammy of competition.‚Ä¶ https://t.co/Nn2M2r7zAS",-0.2732,0.0,0.896,0.104,29
229,Fox,Mon Jan 08 02:29:00 +0000 2018,".@Tim_Canova on DACA: ""We have to have a conversation in this country [of] what it means to be an American and how‚Ä¶ https://t.co/9vRiBbF7FN",0.0,0.0,1.0,0.0,30
230,Fox,Mon Jan 08 02:24:26 +0000 2018,".@TomiLahren on ""Fire and Fury"": ""It's very sad to me that there are individuals, whether they were in the administ‚Ä¶ https://t.co/RTAmgLYxEB",-0.6997,0.0,0.766,0.234,31
231,Fox,Mon Jan 08 02:22:06 +0000 2018,"Henry Olsen on ""Fire and Fury"": ""I think that's the biggest story that's coming out of this is that the President i‚Ä¶ https://t.co/rnqReXa9UT",-0.34,0.0,0.902,0.098,32
232,Fox,Mon Jan 08 02:19:00 +0000 2018,"Iran banning English classes in primary schools citing 'cultural invasion' fears, official says https://t.co/bWJkFG5nNM",-0.4215,0.0,0.823,0.177,33
233,Fox,Mon Jan 08 02:12:31 +0000 2018,".@Tim_Canova on ""Fire and Fury"":  ""I'd rather talk about the issues than the personality of the president.""‚Ä¶ https://t.co/YcjJ1rEajH",-0.34,0.0,0.876,0.124,34
234,Fox,Mon Jan 08 02:11:00 +0000 2018,US Navy plane joins hunt for 32 sailors after Iranian tanker collides with freighter off China https://t.co/aUnI8suUSq,-0.2732,0.0,0.884,0.116,35
235,Fox,Mon Jan 08 02:04:00 +0000 2018,"EXCLUSIVE: UNICEF using biased information to blacklist Israel military, critics say https://t.co/fWUeiaxR2n",-0.2656,0.144,0.579,0.277,36
236,Fox,Mon Jan 08 01:57:00 +0000 2018,"Golden Globes host Seth Meyers mocks Harvey Weinstein, Kevin Spacey https://t.co/GYxuusbYQ1",-0.4588,0.0,0.769,0.231,37
237,Fox,Mon Jan 08 01:52:26 +0000 2018,".@AlanDersh: ""Separation of church and state can't ever be absolute. The church and the synagogue are part of socie‚Ä¶ https://t.co/BB6b92FldF",0.0,0.0,1.0,0.0,38
238,Fox,Mon Jan 08 01:47:43 +0000 2018,".@OliverNorthFNC: ""The sequester that was imposed on our military for the last five years of the Obama administrati‚Ä¶ https://t.co/jX4WlKRGPn",-0.0772,0.0,0.933,0.067,39
239,Fox,Mon Jan 08 01:43:02 +0000 2018,"Yesterday, @SenSanders commented on President @realDonaldTrump's administration asking Congress for $18 billion to‚Ä¶ https://t.co/JSSCIQIZOg",0.0,0.0,1.0,0.0,40
240,Fox,Mon Jan 08 01:40:00 +0000 2018,Moody Blues rocker Ray Thomas dies before Hall of Fame induction ceremony https://t.co/jAujADJTkH,0.1027,0.177,0.671,0.152,41
241,Fox,Mon Jan 08 01:36:45 +0000 2018,"Steve Wynn: ""The only constituency that a successful businessperson has is the jobs he's created, the people that w‚Ä¶ https://t.co/t8omlAbmxR",0.7003,0.254,0.746,0.0,42
242,Fox,Mon Jan 08 01:32:42 +0000 2018,".@AlanDersh: ""The perception of the disparity of wealth has become greater than ever before because of the media."" https://t.co/593PIZ6hdd",0.6908,0.251,0.749,0.0,43
243,Fox,Mon Jan 08 01:29:00 +0000 2018,Connie Britton wears 'poverty is sexist' sweater at the Golden Globes https://t.co/aFAOdxTxIo,-0.5106,0.0,0.769,0.231,44
244,Fox,Mon Jan 08 01:23:16 +0000 2018,Town encourages children to smoke during Epiphany https://t.co/SKHKCxSgAl,0.4404,0.293,0.707,0.0,45
245,Fox,Mon Jan 08 01:16:44 +0000 2018,".@AriFleischer: ""There are [a lot] of blue collar workers who thought Washington wasn't listening to their voice, a‚Ä¶ https://t.co/gOVlTTfZaK",0.0,0.0,1.0,0.0,46
246,Fox,Mon Jan 08 01:00:01 +0000 2018,"RIGHT NOW: @WilliamJBennett hosts ""The Wise Guys,"" a powerful discussion on America's future - Tune in at 8p &amp; 11p‚Ä¶ https://t.co/9kGQEmiGVt",0.7096,0.258,0.742,0.0,47
247,Fox,Mon Jan 08 00:58:38 +0000 2018,".@WalidPhares: ""We're not gonna stop the sanctions at a time where the Iranian regime is becoming and showing a lot‚Ä¶ https://t.co/qH74DgMD2b",0.2235,0.095,0.905,0.0,48
248,Fox,Mon Jan 08 00:45:00 +0000 2018,.@newtgingrich: @realDonaldTrump is right -- we need welfare reform https://t.co/EdDvPivrID,0.0,0.0,1.0,0.0,49
249,Fox,Mon Jan 08 00:43:00 +0000 2018,Debra Messing slams E! over wage equality during live Golden Globes red carpet interview https://t.co/GoGMcfGhBz,0.0,0.0,1.0,0.0,50
250,Fox,Mon Jan 08 00:33:00 +0000 2018,"De Blasio to travel 'all around' America, denies it's a dry run for WH campaign https://t.co/WkCqvFToHu",-0.4215,0.0,0.833,0.167,51
251,Fox,Mon Jan 08 00:23:50 +0000 2018,".@lindsemcpherson on Dems working with @POTUS: ""Why would they work with him to give him a big win on a legislative‚Ä¶ https://t.co/nHF7R084Ww",0.5859,0.167,0.833,0.0,52
252,Fox,Mon Jan 08 00:23:00 +0000 2018,E! replaces 'Who are you wearing' with questions about black attire at the 2018 Golden Globes https://t.co/hiEno9DqMs,0.0,0.0,1.0,0.0,53
253,Fox,Mon Jan 08 00:22:05 +0000 2018,".@lindsemcpherson on Dems working with @POTUS: ""Democrats have no real incentive to work with the president when th‚Ä¶ https://t.co/ABrQYNfmvj",0.0772,0.115,0.783,0.101,54
254,Fox,Mon Jan 08 00:14:32 +0000 2018,Former Dem 2016 Candidate: Let 'Obsessed' Trump Build Wall If It Saves DACA https://t.co/1vzt1dhJzy,0.0,0.0,1.0,0.0,55
255,Fox,Mon Jan 08 00:02:31 +0000 2018,".@JSchanzer on Iran nuclear deal: ""The Iranians, there's no doubt they got just about everything they possibly coul‚Ä¶ https://t.co/SqWLlKOyfr",-0.5719,0.0,0.783,0.217,56
256,Fox,Sun Jan 07 23:54:52 +0000 2018,"Math teacher accused of multiple sex romps, sending lewd photos to student, sentenced https://t.co/hCwq8lgTdX",-0.3182,0.0,0.784,0.216,57
257,Fox,Sun Jan 07 23:48:23 +0000 2018,Celebrities wear black to the #GoldenGlobes to protest sexual harassment in the entertainment industry.‚Ä¶ https://t.co/fugBDQxsLr,-0.4019,0.138,0.591,0.271,58
258,Fox,Sun Jan 07 23:37:00 +0000 2018,"Feds to seek retrial in Bundy case, as sting of mistrial lingers
 https://t.co/JAoHs6kdF0",0.0,0.0,1.0,0.0,59
259,Fox,Sun Jan 07 23:28:29 +0000 2018,".@Jamie_Weinstein on calls for Sessions to resign: ""He is an embattled man and I think he's been an embattled attor‚Ä¶ https://t.co/LDRZyJnJyI",-0.34,0.0,0.888,0.112,60
260,Fox,Sun Jan 07 23:21:31 +0000 2018,".@ArthelNeville: ""Is the AG trying to appease @POTUS?""

@Jamie_Weinstein: ""I think the attorney general has been em‚Ä¶ https://t.co/BdYEOOa62R",0.2732,0.11,0.89,0.0,61
261,Fox,Sun Jan 07 23:16:00 +0000 2018,NJ man arrested 92 times gets decades in prison for killing son's mom https://t.co/S2UxsC3Nk6,-0.8957,0.0,0.505,0.495,62
262,Fox,Sun Jan 07 23:11:00 +0000 2018,Antifa member ordered to pay legal fees of Berkeley conservative over attempted restraining order https://t.co/2boASDxYcv,0.0258,0.094,0.818,0.088,63
263,Fox,Sun Jan 07 23:10:00 +0000 2018,"OPINION: Pot is dangerous, not funny -- a doctor tells us why https://t.co/AD8qDFTpzW",-0.6711,0.0,0.645,0.355,64
264,Fox,Sun Jan 07 23:03:00 +0000 2018,#GameofThrones actor Kit Harington kicked out of NYC bar https://t.co/NLxWKkgg2k,0.0,0.0,1.0,0.0,65
265,Fox,Sun Jan 07 23:00:01 +0000 2018,.@HeyTammyBruce: 'Fake but important' Trump book proves liberals don't care about the truth         https://t.co/P3nDYCY7L2,-0.088,0.249,0.484,0.266,66
266,Fox,Sun Jan 07 22:55:06 +0000 2018,".@TomFitton: ""If it's a serious investigation, Mrs. Clinton needs to take some legal counsel and take this more ser‚Ä¶ https://t.co/K4LZqQupgT",0.0516,0.076,0.859,0.066,67
267,Fox,Sun Jan 07 22:54:04 +0000 2018,".@PMorici1: ""The bottom line here is American companies are doing better since Mr. Trump won the election. They're‚Ä¶ https://t.co/aiKKAuJ4up",0.765,0.28,0.72,0.0,68
268,Fox,Sun Jan 07 22:51:01 +0000 2018,".@POTUS, yesterday, on Michael Wolff: ""I never interviewed with him in the @WhiteHouse at all. He was never in the‚Ä¶ https://t.co/HZA6ece644",0.0,0.0,1.0,0.0,69
269,Fox,Sun Jan 07 22:48:04 +0000 2018,"Trump Book Author Recalls WH Visits, Rebuffs Criticism       https://t.co/jrokFD3Wpp",-0.4404,0.0,0.734,0.266,70
270,Fox,Sun Jan 07 22:46:21 +0000 2018,Volunteer attacked with machete while delivering meals to the homeless https://t.co/cqVRT725JZ,-0.4588,0.0,0.769,0.231,71
271,Fox,Sun Jan 07 22:46:06 +0000 2018,RT @foxnewspolitics: Trump slams 'flunky' CNN star Jake Tapper after Stephen Miller grilling flies off the rails    https://t.co/nwHmPxLnrj,0.0,0.0,1.0,0.0,72
272,Fox,Sun Jan 07 22:45:07 +0000 2018,".@POTUS: ""We also obviously went into budgets, and we went into DACA... and we hope that we're going to work out an‚Ä¶ https://t.co/Sg90O6ZkOy",0.4404,0.116,0.884,0.0,73
273,Fox,Sun Jan 07 22:41:57 +0000 2018,"NFL‚Äôs Roger Goodell not worried about TV ratings despite backlash over kneeling, concussions
   https://t.co/KGMbpXQI2m",0.2235,0.127,0.873,0.0,74
274,Fox,Sun Jan 07 22:41:53 +0000 2018,Mysterious x-ray emission may reveal nature of dark matter https://t.co/LxPOzaFZdM,0.0258,0.109,0.891,0.0,75
275,Fox,Sun Jan 07 22:35:21 +0000 2018,"RT @EricShawnTV: I anchor at 6 pm ET @FoxNews: The #WhiteHouse: @POTUS @realDonaldTrump and Macron say #Tehran uses #Iran's ""wealth to fund‚Ä¶",0.4939,0.144,0.856,0.0,76
276,Fox,Sun Jan 07 22:30:18 +0000 2018,"Boston firefighters battle fire, ice during blaze as deep freeze set to end https://t.co/b2rD9DqKrb",-0.5859,0.07,0.64,0.291,77
277,Fox,Sun Jan 07 22:22:20 +0000 2018,"On ""Sunday Morning Futures with @MariaBartiromo,"" Sen. @ThomTillis slammed Democrats who have changed their tune ra‚Ä¶ https://t.co/lTzWMDHJdR",0.0,0.0,1.0,0.0,78
278,Fox,Sun Jan 07 22:21:53 +0000 2018,"'Jumanji,' shockingly topples 'Star Wars: The Last Jedi' at the box office https://t.co/uBc8oYLqkW",-0.6486,0.0,0.675,0.325,79
279,Fox,Sun Jan 07 22:16:55 +0000 2018,Christians in Egypt celebrate Christmas after year marred by violence - via @christocarbone    https://t.co/ZGewkfCTgn,-0.1027,0.197,0.585,0.218,80
280,Fox,Sun Jan 07 22:11:07 +0000 2018,"'Mad Pooper' copycat makes 'vile' mess in driveway, Arkansas woman says https://t.co/MKBlcg4NIb",-0.6908,0.0,0.637,0.363,81
281,Fox,Sun Jan 07 22:07:06 +0000 2018,"TONIGHT: @WilliamJBennett hosts ""The Wise Guys,"" a powerful discussion on America's future - Tune in at 8p &amp; 11p ET‚Ä¶ https://t.co/VoHxXFWJbO",0.7096,0.258,0.742,0.0,82
282,Fox,Sun Jan 07 22:05:03 +0000 2018,".@AlanDersh: ""How dare liberals - people on the left - try to undo democracy by accusing a president of being menta‚Ä¶ https://t.co/gH1oC8mjtQ",-0.1779,0.0,0.914,0.086,83
283,Fox,Sun Jan 07 22:04:54 +0000 2018,"Betty White, 95, speaks about longevity, vodka and hot dogs https://t.co/gwpVS4FrTD",0.0,0.0,1.0,0.0,84
284,Fox,Sun Jan 07 22:01:27 +0000 2018,"This morning on @foxandfriends, @LisaMarieBoothe discussed @TheDemocrats' recent approach to the issue of illegal i‚Ä¶ https://t.co/40pCgCDbp7",-0.5574,0.0,0.806,0.194,85
285,Fox,Sun Jan 07 21:57:01 +0000 2018,"Trump: 'Fire and Fury' is 'fake book,' Camp David meeting 'great' https://t.co/xUynU7KjPq",-0.8481,0.0,0.495,0.505,86
286,Fox,Sun Jan 07 21:54:42 +0000 2018,"Capt. Bob Wells on Olympic discussions between NoKo, SoKo: ""Anything that begins a process to essentially address n‚Ä¶ https://t.co/wJYM3u9LES",0.25,0.105,0.895,0.0,87
287,Fox,Sun Jan 07 21:53:01 +0000 2018,".@VP: ""Rebuilding our military. Supporting law enforcement. Historic regulatory reform."" https://t.co/0AqYKEDrqP",0.4404,0.225,0.775,0.0,88
288,Fox,Sun Jan 07 21:52:36 +0000 2018,".@KevinJacksonTBS: ""[Barack Obama] lost 17,000 manufacturing jobs in the last year of his presidency, and President‚Ä¶ https://t.co/2u89FuD9JI",-0.3182,0.0,0.874,0.126,89
289,Fox,Sun Jan 07 21:51:02 +0000 2018,".@POTUS, yesterday: ""There's been no collusion between us and the Russians. Now there has been collusion between‚Ä¶ https://t.co/5G5UH1NnOH",-0.296,0.0,0.885,0.115,90
290,Fox,Sun Jan 07 21:49:25 +0000 2018,"RT @FoxBusiness: .@mattgaetz on if DOJ and FBI refuse to comply with a subpoena issued by Congress to turn over documents: ""People at the h‚Ä¶",-0.296,0.0,0.913,0.087,91
291,Fox,Sun Jan 07 21:42:03 +0000 2018,"UNICEF using biased information to blacklist Israel military, critics say https://t.co/ASIbxG4yim",-0.5106,0.0,0.677,0.323,92
292,Fox,Sun Jan 07 21:40:58 +0000 2018,Office of @PressSec: Readout of @POTUS‚Äôs Call with President @EmmanuelMacron of France. https://t.co/s6jQNNWufO,0.0,0.0,1.0,0.0,93
293,Fox,Sun Jan 07 21:36:43 +0000 2018,"Chris Christie thinks he'd be president if Trump hadn't run, report says https://t.co/zxfuBTV4YW",0.0,0.0,1.0,0.0,94
294,Fox,Sun Jan 07 21:33:03 +0000 2018,".@SenateMajLdr: ""From a right-of-center point of view, 2017 was the most consequential year in the many years that‚Ä¶ https://t.co/UEvnPqRMW4",0.0,0.0,1.0,0.0,95
295,Fox,Sun Jan 07 21:28:03 +0000 2018,".@eScarry on #Trump border plan: ""Democrats are banking on the idea that they don't have very much incentive to be‚Ä¶ https://t.co/2Nse2DfVok",0.4173,0.122,0.878,0.0,96
296,Fox,Sun Jan 07 21:21:30 +0000 2018,"In an interview with @njdotcom, @ChrisChristie said that had @realDonaldTrump not run in the 2016 GOP presidential‚Ä¶ https://t.co/3TJmcWEnjb",0.0,0.0,1.0,0.0,97
297,Fox,Sun Jan 07 21:13:04 +0000 2018,Mississippi woman bags deer ahead of her 100th birthday https://t.co/YbPZGpZheh,0.0,0.0,1.0,0.0,98
298,Fox,Sun Jan 07 21:09:19 +0000 2018,"On @foxandfriends‚Äã, @LawrenceBJones3 slammed Democrats and liberal politicians who he says aren't putting Americans‚Ä¶ https://t.co/EwKWxn9Wkk",0.0,0.0,1.0,0.0,99
299,Fox,Sun Jan 07 20:57:59 +0000 2018,JFK Airport water main break forces terminal evacuation amid massive delays https://t.co/AONLLQl98D,0.0,0.0,1.0,0.0,100
300,CBS,Mon Jan 08 00:29:51 +0000 2018,RT @MadamSecretary: Is VP Hurst going to work with or against Elizabeth? Stream a new #MadamSecretary live with CBS All Access: https://t.c‚Ä¶,0.0,0.0,1.0,0.0,1
301,CBS,Sat Jan 06 20:05:17 +0000 2018,"RT @debrabirnbaum: .@ShawnRyanTV: To me, being on CBS is the opposite of preaching to the choir. #TCA18",0.0,0.0,1.0,0.0,2
302,CBS,Sat Jan 06 19:04:08 +0000 2018,RT @LivinBiblically: ‚ÄúThe truth is it somehow gorgeously straddles both sides...I have had friends come from all different walks of life an‚Ä¶,0.8271,0.314,0.686,0.0,3
303,CBS,Sat Jan 06 19:03:38 +0000 2018,RT @instinctcbs: ‚ÄúThis is a crime show where at the end you‚Äôre not reminded of how miserable things are in the world right now‚Ä¶You feel sat‚Ä¶,-0.7717,0.0,0.774,0.226,4
304,CBS,Sat Jan 06 00:37:55 +0000 2018,"RT @startrekcbs: Star Trek has touched the lives of generations of fans, including the cast and writers of #StarTrekDiscovery. What's your‚Ä¶",0.0,0.0,1.0,0.0,5
305,CBS,Sat Jan 06 00:30:53 +0000 2018,#StrangeAngel has found its leading man! Jack Reynor will star as famed rocket engineer Jack Parsons in the upcomin‚Ä¶ https://t.co/sHkSKABGfd,0.0,0.0,1.0,0.0,6
306,CBS,Fri Jan 05 18:30:42 +0000 2018,"The streak of new episodes continues! Watch new episodes of #MacGyver, #H50 &amp; #BlueBloods tonight starting at 8/7c.‚Ä¶ https://t.co/xs2vbVqBJZ",0.0,0.0,1.0,0.0,7
307,CBS,Fri Jan 05 16:05:58 +0000 2018,"RT @CBSTweet: #CBSRatingsNews: CBS Sweeps Fourth Quarter Ratings in Daytime, Primetime and Late Night for the First Time Since 2009 https:/‚Ä¶",0.0,0.0,1.0,0.0,8
308,CBS,Thu Jan 04 23:13:02 +0000 2018,"New year, new episodes! Don't miss all-new episodes of @BigBangTheory, @YoungSheldon, @MomCBS, @LifeInPiecesCBS, an‚Ä¶ https://t.co/COf6Qg8Mz1",0.1867,0.11,0.89,0.0,9
309,CBS,Thu Jan 04 14:43:09 +0000 2018,"Current nominees @LadyGaga, @LittleBigTown, @Pink, Childish Gambino and more will perform live at the #GRAMMYs, Jan‚Ä¶ https://t.co/PlLMasNPwD",-0.296,0.0,0.879,0.121,10
310,CBS,Wed Jan 03 20:33:09 +0000 2018,"RT @startrekcbs: From Airiam to Zefram Cochrane, #StarTrekDiscovery features fascinating new concepts along with classic references. What's‚Ä¶",0.5423,0.179,0.821,0.0,11
311,CBS,Wed Jan 03 19:51:15 +0000 2018,Torres and Bishop went undercover as a criminal couple on the latest episode of #NCIS. Catch up now:‚Ä¶ https://t.co/1iTEneHyJS,-0.5267,0.0,0.833,0.167,12
312,CBS,Wed Jan 03 15:00:05 +0000 2018,Do you know all the nominees for Artist Of The Year? Get familiar with this year's GRAMMY¬Æ Award nominees ahead of‚Ä¶ https://t.co/UQa8Mu9PUV,0.5423,0.143,0.857,0.0,13
313,CBS,Wed Jan 03 12:00:01 +0000 2018,"The new year of new episodes continues tonight with all-new episodes of #AmazingRace, #SEALTeam and #CriminalMinds‚Ä¶ https://t.co/bwhNhQgsFC",0.0,0.0,1.0,0.0,14
314,CBS,Wed Jan 03 00:47:26 +0000 2018,"RT @BullCBS: Tonight, can #Bull prove that a teen accused of robbing a jewelry store isn't responsible for the crime? Tune in at 9/8c or st‚Ä¶",-0.7692,0.0,0.733,0.267,15
315,CBS,Tue Jan 02 22:41:51 +0000 2018,It's your last chance to choose the pro football player with the best off-the-field talent! Vote now to decide who‚Ä¶ https://t.co/6DjwqU0MB9,0.8516,0.34,0.66,0.0,16
316,CBS,Tue Jan 02 08:00:03 +0000 2018,"New year, new episodes -- all week long! It kicks off with an all-new #NCIS, #Bull and #NCISNOLA tonight starting a‚Ä¶ https://t.co/bcmAaUQJtf",0.0,0.0,1.0,0.0,17
317,CBS,Mon Jan 01 01:16:12 +0000 2018,"Due to #NFL football games overrun, revised start times &amp; lineup for Eastern/Central Time Zones Only:
#60Minutes 8:‚Ä¶ https://t.co/rqOYbM5j0h",0.0,0.0,1.0,0.0,18
318,CBS,Sun Dec 31 14:37:05 +0000 2017,Get ready for football! Stream NFL on CBS today with #CBSAllAccess. Try 1 month FREE with promo code BINGE (not ava‚Ä¶ https://t.co/NEntvW7QHd,0.7798,0.264,0.736,0.0,19
319,CBS,Sat Dec 30 20:25:20 +0000 2017,"RT @NoActivityCBS: All season nothing's happened. Now prepare for activity. Stream the #NoActivity season finale Sunday, Dec 31 on CBS All‚Ä¶",0.0,0.0,1.0,0.0,20
320,CBS,Sat Dec 30 20:24:58 +0000 2017,RT @startrekcbs: Find out what happens when you boldly go too far. #StarTrekDiscovery continues January 7 on CBS All Access: https://t.co/f‚Ä¶,0.3612,0.116,0.884,0.0,21
321,CBS,Fri Dec 29 16:06:02 +0000 2017,Stream NC State Wolfpack at Arizona State Sun Devils LIVE today at 3PM ET with a 1-month FREE trial of‚Ä¶ https://t.co/8k50thgtip,0.0857,0.157,0.699,0.144,22
322,CBS,Thu Dec 28 20:31:01 +0000 2017,"In case you missed this star-studded tribute to Carol Burnett's classic comedy series, catch up now! Watch The Caro‚Ä¶ https://t.co/wu7BxM9gtm",0.1511,0.121,0.783,0.096,23
323,CBS,Thu Dec 28 19:28:22 +0000 2017,Some of TV's biggest stars saluted @TheNormanLear's impact on television and culture at The 40th Annual Kennedy Cen‚Ä¶ https://t.co/E74ChUW1uE,0.0,0.0,1.0,0.0,24
324,CBS,Wed Dec 27 22:45:05 +0000 2017,The search is on to find the pro football player with the best off-the-field talent. Vote for your favorite player‚Ä¶ https://t.co/R0fb5ngJ16,0.875,0.357,0.643,0.0,25
325,CBS,Wed Dec 27 21:04:10 +0000 2017,"Celebrate everyone's favorite classic sitcom with Carol Burnett, Vicki Lawrence, and more stars during The Carol Bu‚Ä¶ https://t.co/SaiZ9TzBVO",0.7717,0.295,0.705,0.0,26
326,CBS,Wed Dec 27 19:52:02 +0000 2017,Joy to the world of streaming! Try #CBSAllAccess FREE for 1 month ‚Äì just use code BINGE by 1/2:‚Ä¶ https://t.co/9p1ACnslz6,0.8452,0.337,0.663,0.0,27
327,CBS,Wed Dec 27 19:40:34 +0000 2017,"Music legend Stevie Wonder salutes @LionelRichie while performing his classic hit, ""Easy"" at The 40th Annual Kenned‚Ä¶ https://t.co/7TeDeNyhgo",0.0,0.0,1.0,0.0,28
328,CBS,Wed Dec 27 12:00:01 +0000 2017,"As the youngest Kennedy Center Honoree in 40 years, @LLCoolJ talks about what motivates him to chase his dreams. Wa‚Ä¶ https://t.co/DFY78y99w3",0.7003,0.234,0.766,0.0,29
329,CBS,Wed Dec 27 07:27:33 +0000 2017,Here's to the 2017 Kennedy Center Honorees! Catch up on an evening of stunning performances and inspiring speeches‚Ä¶ https://t.co/jGfANpSCul,0.8398,0.36,0.64,0.0,30
330,CBS,Wed Dec 27 04:00:52 +0000 2017,This celebration could go all night long! What a great final performance in honor of @LionelRichie. #KCHonors https://t.co/xKLWpKr3v0,0.8221,0.336,0.664,0.0,31
331,CBS,Wed Dec 27 03:59:48 +0000 2017,RT @MarkAPrinceJr: A #LionelRichie tribute is not complete without üé∂All Night Longüé∂ üòÅ #KCHonors,0.0,0.0,1.0,0.0,32
332,CBS,Wed Dec 27 03:36:01 +0000 2017,Carmen de Lavallade (@CarmenDances) got emotional during those beautiful performances in her honor. Congratulations‚Ä¶ https://t.co/gOCAZpZDpt,0.8271,0.42,0.58,0.0,33
333,CBS,Wed Dec 27 03:03:49 +0000 2017,RT @llcoolj: Attn: #HIPHOP !!!! We made history!! #KCHonors,0.0,0.0,1.0,0.0,34
334,CBS,Wed Dec 27 03:03:26 +0000 2017,.@llcoolj is making history! He‚Äôs the Kennedy Center‚Äôs first hip-hop honoree. #KCHonors https://t.co/kCqkOdUjtu,0.5255,0.22,0.78,0.0,35
335,CBS,Wed Dec 27 02:57:56 +0000 2017,RT @ErinAnnCullen: #KCHonors is always a night of inspiration. Thank you to these artists for your impact on our country. ‚ù§Ô∏èüß°üíõüíöüíôüíú,0.7096,0.247,0.753,0.0,36
336,CBS,Wed Dec 27 02:48:52 +0000 2017,Give a round of applause to television pioneer and 2017 Honoree @TheNormanLear! #KCHonors https://t.co/20UosF987x,0.7345,0.36,0.64,0.0,37
337,CBS,Wed Dec 27 02:45:34 +0000 2017,RT @AliL: This tribute to Norman Lear on #KCHonors is outstanding AND a walk down my childhood TV memory lane. üëèüèªüì∫,0.6124,0.174,0.826,0.0,38
338,CBS,Wed Dec 27 02:28:07 +0000 2017,RT @llcoolj: Moments I‚Äôll never forget!!! #KCHonors,0.3699,0.298,0.702,0.0,39
339,CBS,Wed Dec 27 02:26:46 +0000 2017,.@GloriaEstefan approves of those amazing musical performances in her honor! #KCHonors https://t.co/i3EVYEoKRx,0.8748,0.526,0.474,0.0,40
340,CBS,Wed Dec 27 02:20:11 +0000 2017,RT @thepickypantry: Beautiful tribute to @GloriaEstefan on the Kennedy Center Honors. Love Mi Tierra! Amazing and inspiring what a fighter‚Ä¶,0.9601,0.566,0.434,0.0,41
341,CBS,Wed Dec 27 02:00:29 +0000 2017,Time to celebrate the 2017 honorees at The 40th Annual Kennedy Center Honors! Tune in now on CBS and CBS All Access‚Ä¶ https://t.co/1OULMpCfPy,0.8908,0.346,0.654,0.0,42
342,CBS,Wed Dec 27 01:08:32 +0000 2017,"Tonight, @LionelRichie, @LLCoolJ, @GloriaEstefan, @TheNormanLear &amp; Carmen de Lavallade will be recognized at The 40‚Ä¶ https://t.co/jZJqNo8h3b",0.0,0.0,1.0,0.0,43
343,CBS,Tue Dec 26 12:00:01 +0000 2017,"Don't miss the breathtaking performances, standing ovations and moving tributes that will leave you inspired. Here'‚Ä¶ https://t.co/imILa52fjz",0.2415,0.218,0.61,0.173,44
344,CBS,Mon Dec 25 12:00:05 +0000 2017,"Experience the performances and the memories when 2017 Honorees @LionelRichie, @GloriaEstefan, Carmen de Lavallade,‚Ä¶ https://t.co/ygbqASVL7t",0.5106,0.191,0.809,0.0,45
345,CBS,Mon Dec 25 00:48:24 +0000 2017,"Due to NFL overrun CBS is delayed 36mins in Charlotte/NC, Cincinnati/OH, Nashville, Atlanta, New Orleans, Baton Rou‚Ä¶ https://t.co/20mnbAhpTm",-0.2263,0.0,0.899,0.101,46
346,CBS,Sun Dec 24 20:40:42 +0000 2017,"Tonight, get together and enjoy Christmas Eve with a two-hour marathon of your favorite classic sitcoms! Watch The‚Ä¶ https://t.co/SCv8TJy9Yp",0.7574,0.289,0.711,0.0,47
347,CBS,Sun Dec 24 14:17:43 +0000 2017,Get ready for football! Stream NFL on CBS today with #CBSAllAccess. Try 1 month FREE with promo code BINGE! (Not av‚Ä¶ https://t.co/6mR4bRR5Ey,0.7974,0.273,0.727,0.0,48
348,CBS,Sun Dec 24 12:30:02 +0000 2017,"All In The Family star @RobReiner gives props to legendary television writer, producer and 2017 Kennedy Center Hono‚Ä¶ https://t.co/98jc5i63zE",0.0,0.0,1.0,0.0,49
349,CBS,Sat Dec 23 16:21:17 +0000 2017,"Rapper @BustaRhymes pays tribute to @LLCoolJ, performing his hit song ""Mama Said Knock You Out"" at The 40th Annual‚Ä¶ https://t.co/CRjQArUqwd",0.0,0.0,1.0,0.0,50
350,CBS,Sat Dec 23 15:00:02 +0000 2017,"Oh, what fun it is to stream! Start a 1-month FREE trial of #CBSAllAccess now. Use promo code BINGE by 1/2:‚Ä¶ https://t.co/rSAnDJDgbI",0.8236,0.286,0.714,0.0,51
351,CBS,Sat Dec 23 12:37:04 +0000 2017,CBS stars are glowing with holiday spirit! See how the stars are getting festive this season:‚Ä¶ https://t.co/7qYTHoxFIc,0.7712,0.355,0.645,0.0,52
352,CBS,Sat Dec 23 07:24:44 +0000 2017,Spread some holiday cheer and laugh along with Dick Van Dyke and Mary Tyler Moore in two back-to-back episodes of T‚Ä¶ https://t.co/N89JoYvXZW,0.743,0.311,0.583,0.107,53
353,CBS,Sat Dec 23 06:39:45 +0000 2017,Come home for the holidays with Lucy and Ricky in the I Love Lucy Christmas Special! Stream the full show:‚Ä¶ https://t.co/s7f9mjEtER,0.8687,0.365,0.635,0.0,54
354,CBS,Sat Dec 23 01:38:37 +0000 2017,"Tonight at 9/8c, gather the family for two hilarious episodes of this classic sitcom in The Dick Van Dyke Show- Now‚Ä¶ https://t.co/YcyECVr2NN",-0.1531,0.104,0.769,0.127,55
355,CBS,Sat Dec 23 00:39:52 +0000 2017,Get ready to laugh in the holidays tonight with Lucy and the gang in the I Love Lucy Christmas Special at 8/7c! Str‚Ä¶ https://t.co/txU2TwXWOg,0.9422,0.469,0.531,0.0,56
356,CBS,Fri Dec 22 19:35:35 +0000 2017,"Tonight, ring in the holidays with two back-to-back episodes of a timeless comedy classic, now in color! Watch the‚Ä¶ https://t.co/skJsgJdQel",0.6588,0.241,0.759,0.0,57
357,CBS,Fri Dec 22 18:03:20 +0000 2017,"Groundbreaking, daring, fearless. This is CBS All Access Originals. 

Sign up now to watch @StarTrekCBS,‚Ä¶ https://t.co/kvPsJafYrN",0.6597,0.278,0.722,0.0,58
358,CBS,Fri Dec 22 14:04:52 +0000 2017,2017 Honoree @LLCoolJ is the first hip-hop artist recognized at the #KCHonors! Learn more about the @NCISLA star's‚Ä¶ https://t.co/eK91KdBNpG,0.5255,0.159,0.841,0.0,59
359,CBS,Thu Dec 21 12:04:04 +0000 2017,"She's at it again! Tomorrow, relive Lucy's hilarious antics during the I Love Lucy Christmas Special at 8/7c on CBS‚Ä¶ https://t.co/g01UGGLEDk",0.8718,0.368,0.632,0.0,60
360,CBS,Thu Dec 21 01:04:27 +0000 2017,"RT @survivorcbs: 6 heroes, 6 healers, 6 hustlers, but only 1 sole #Survivor. Ready to find out who it is? Tune in to the #SurvivorFinale no‚Ä¶",0.6597,0.213,0.787,0.0,61
361,CBS,Wed Dec 20 23:00:04 +0000 2017,Watch @kelly_clarkson deliver a moving performance of 'Christmas Eve' during A Home for the Holidays with‚Ä¶ https://t.co/TAcstl7VYh,0.3818,0.157,0.843,0.0,62
362,CBS,Wed Dec 20 21:08:10 +0000 2017,"In two days, celebrate the holidays with the gang with two back-to-back episodes of the classic sitcom during the I‚Ä¶ https://t.co/FRr8jX7MXZ",0.743,0.249,0.751,0.0,63
363,CBS,Wed Dec 20 20:10:15 +0000 2017,2017 Honoree @LLCoolJ salutes James Brown for paving the way for artists like himself. Don't miss The 40th Annual K‚Ä¶ https://t.co/310Wfk7EoW,0.7222,0.281,0.719,0.0,64
364,CBS,Wed Dec 20 19:31:47 +0000 2017,Singer-songwriter @JoshGroban delivers a powerhouse performance while raising awareness of adoption through foster‚Ä¶ https://t.co/FiQKJdx7Ty,0.0,0.0,1.0,0.0,65
365,CBS,Wed Dec 20 15:30:01 +0000 2017,Do you know all the nominees for Album Of The Year? Get familiar with this year's GRAMMY¬Æ  Award nominees ahead of‚Ä¶ https://t.co/GYnxLT3n4p,0.5423,0.143,0.857,0.0,66
366,CBS,Wed Dec 20 01:01:19 +0000 2017,RT @survivorcbs: This finale is going to be unlike any ending in the history of #Survivor. Don't miss the finale + reunion all starting Wed‚Ä¶,0.1139,0.059,0.941,0.0,67
367,CBS,Wed Dec 20 00:14:34 +0000 2017,"This Friday, gather around the tree and celebrate the holidays with Lucille Ball! Watch two colorized back-to-back‚Ä¶ https://t.co/4wopbmS4ez",0.7644,0.292,0.708,0.0,68
368,CBS,Tue Dec 19 21:12:50 +0000 2017,Kevin and Vanessa took a trip back in time on last night's #KevinCanWait. Watch the latest episode now:‚Ä¶ https://t.co/SAqbLOd1Pg,0.0,0.0,1.0,0.0,69
369,CBS,Tue Dec 19 21:00:03 +0000 2017,"Find out how to watch A Home for the Holidays with @JoshGroban, featuring performances by @Kelly_Clarkson,‚Ä¶ https://t.co/Y6zrR9PigH",0.3818,0.148,0.852,0.0,70
370,CBS,Tue Dec 19 15:30:04 +0000 2017,"In one week, celebrate a night of legends when @LionelRichie, @GloriaEstefan, Carmen de Lavallade (@CarmenDances),‚Ä¶ https://t.co/u7eXxb521H",0.5719,0.209,0.791,0.0,71
371,CBS,Tue Dec 19 14:42:58 +0000 2017,"Kick off The 60th Annual #GRAMMYs with @NancyODell, @KevinFrazier &amp; @KeltieKnight as they go behind the scenes with‚Ä¶ https://t.co/J6KDEGV1g1",0.0,0.0,1.0,0.0,72
372,CBS,Tue Dec 19 00:39:07 +0000 2017,"Country crooner Luke Bryan (@LukeBryanOnline) honors @LionelRichie with a smooth rendition of his original song, 'P‚Ä¶ https://t.co/XIF7ESukR8",0.6808,0.286,0.714,0.0,73
373,CBS,Mon Dec 18 22:53:34 +0000 2017,The search is on to find the pro football player with the best off-the-field talent. Vote for your favorite player‚Ä¶ https://t.co/7uXC3SEz96,0.875,0.357,0.643,0.0,74
374,CBS,Mon Dec 18 21:32:25 +0000 2017,"It's the greatest gift a family can give. Celebrate adoption with superstars @JoshGroban, @Kelly_Clarkson,‚Ä¶ https://t.co/1wc6meuGF7",0.8957,0.495,0.505,0.0,75
375,CBS,Mon Dec 18 18:40:55 +0000 2017,"Mark your calendars! @NCISLA star @LLCoolJ will host MVP: Most Valuable Performer, a new interactive talent show to‚Ä¶ https://t.co/s2LilAv50X",0.7569,0.288,0.712,0.0,76
376,CBS,Mon Dec 18 00:42:56 +0000 2017,"Approximate start times for #CBS tonight (East &amp; Midwest):
#60Minutes 7:38p/6:38c
#WisdomoftheCrowd 8:38p/7:38c‚Ä¶ https://t.co/tFKrUBcv8B",0.0,0.0,1.0,0.0,77
377,CBS,Mon Dec 18 00:00:40 +0000 2017,"RT @kencen: Look back on favorite #KCHonors tributes before the Dec. 26 @CBS broadcast! From 2002: @aliciakeys sings ""Bridge Over Troubled‚Ä¶",0.5093,0.141,0.859,0.0,78
378,CBS,Sun Dec 17 17:48:58 +0000 2017,"This Friday, you won't want to miss this priceless treasure when the I Love Lucy Christmas Special airs at 8/7c on‚Ä¶ https://t.co/oyC9YDno00",0.8527,0.38,0.576,0.044,79
379,CBS,Sun Dec 17 15:39:38 +0000 2017,Get ready for football! Stream NFL on CBS today with #CBSAllAccess. Try 1 week FREE (not available on mobile phones‚Ä¶ https://t.co/cNMa11dmza,0.7798,0.275,0.725,0.0,80
380,CBS,Sat Dec 16 18:29:05 +0000 2017,RT @HawaiiFive0CBS: Was it all a dream? Catch up on the #H50 Fall Finale: https://t.co/PDeOIaDGqu https://t.co/msEijhSSJH,0.25,0.125,0.875,0.0,81
381,CBS,Sat Dec 16 12:00:07 +0000 2017,"In less than a week, Lucy and Ricky will return to your screens... in full color! Don't miss two back-to-back episo‚Ä¶ https://t.co/rtmvB5Cj1D",0.1867,0.08,0.92,0.0,82
382,CBS,Fri Dec 15 20:23:58 +0000 2017,Do you know all the nominees for Record Of The Year? Get familiar with this year's GRAMMY¬Æ Award nominees ahead of‚Ä¶ https://t.co/lXDIu1STfq,0.5423,0.143,0.857,0.0,83
383,CBS,Fri Dec 15 14:43:08 +0000 2017,'Elton John: I'm Still Standing - A GRAMMY¬Æ Salute' will celebrate Elton John's legendary career and timeless hits!‚Ä¶ https://t.co/6M38jQQpTA,0.6114,0.2,0.8,0.0,84
384,CBS,Thu Dec 14 19:13:25 +0000 2017,"Get to know 2017 Kennedy Center honorees @LLCoolJ, Carmen de Lavallade (@CarmenDances), @GloriaEstefan,‚Ä¶ https://t.co/RGe3zqmY08",0.5106,0.202,0.798,0.0,85
385,CBS,Wed Dec 13 23:20:01 +0000 2017,"So close, yet so far away. Which #Survivor Castaways Will Earn Their Spot In The Final Five? More:‚Ä¶ https://t.co/efeBVa4p26",0.0,0.0,1.0,0.0,86
386,CBS,Wed Dec 13 18:56:58 +0000 2017,RT @BandB_CBS: Take a walk down #BoldandBeautiful memory lane! RT your favorite #Steam moment. https://t.co/kxeD2br8Tc,0.5093,0.202,0.798,0.0,87
387,CBS,Tue Dec 12 20:34:16 +0000 2017,"RT @thegoodfight: Court is back in session. Season 2 of #TheGoodFight premieres March 4, exclusively on CBS All Access: https://t.co/Niu5a8‚Ä¶",0.0,0.0,1.0,0.0,88
388,CBS,Tue Dec 12 19:04:59 +0000 2017,Only two weeks until The 40th Annual Kennedy Center Honors air on December 26! Look back on four decades of inspiri‚Ä¶ https://t.co/z4J8sfs55V,0.5562,0.146,0.854,0.0,89
389,CBS,Tue Dec 12 17:13:52 +0000 2017,"Mark your calendars! The 53rd Academy Of Country Music Awards will air Sunday, April 15 on CBS!‚Ä¶ https://t.co/yYPc5rCiMW",0.555,0.174,0.826,0.0,90
390,CBS,Mon Dec 11 21:29:33 +0000 2017,The search is on to find the pro football player with the best off-the-field talent! Vote for your favorite perform‚Ä¶ https://t.co/musmVXrRJz,0.8832,0.364,0.636,0.0,91
391,CBS,Mon Dec 11 19:05:21 +0000 2017,RT @MadamSecretary: No D.C. holiday party is complete without some political persuasion and a covert sting to bust a corrupt senator. üéÑ‚≠êÔ∏è S‚Ä¶,0.4939,0.211,0.703,0.086,92
392,CBS,Mon Dec 11 00:26:50 +0000 2017,"Due to NFL overrun, CBS is delayed 8 mins in the following ET &amp; CT markets: Hunstville, AL, Bowling Green, KY, MS,‚Ä¶ https://t.co/gbwhgooEQd",-0.2263,0.0,0.917,0.083,93
393,CBS,Mon Dec 11 00:25:54 +0000 2017,"Due to NFL overrun CBS is delayed 7 mins in the following ET &amp; CT markets Tampa, Chicago, Maryland, Michigan, Wash‚Ä¶ https://t.co/driVgCiX7D",-0.2263,0.0,0.913,0.087,94
394,CBS,Sun Dec 10 22:49:02 +0000 2017,"RT @NoActivityCBS: If you want the intel, you get the tickles. üòÇ Stream the first 5 episodes of #NoActivity now: https://t.co/Wzq9bVOhGN ht‚Ä¶",0.0772,0.064,0.936,0.0,95
395,CBS,Sun Dec 10 22:48:46 +0000 2017,RT @startrekcbs: .@albinokid and @wcruz73 are breaking new ground in #StarTrekDiscovery. üè≥Ô∏è‚Äçüåà Stream chapter 1 on CBS All Access: https://t‚Ä¶,0.0,0.0,1.0,0.0,96
396,CBS,Sat Dec 09 18:24:37 +0000 2017,Don‚Äôt miss America‚Äôs Game! Stream the Army-Navy game LIVE today at 3PM ET with a FREE trial of #CBSAllAccess:‚Ä¶ https://t.co/38udnQj2vs,0.5754,0.189,0.742,0.07,97
397,CBS,Sat Dec 09 01:11:51 +0000 2017,"There's still time before we have to say so long! Catch up with Carol Burnett, her original castmates and special g‚Ä¶ https://t.co/WTiK8dzaXO",0.6476,0.209,0.791,0.0,98
398,CBS,Fri Dec 08 23:35:41 +0000 2017,RT @bigbangtheory: It's the biggest best friend breakup of the year... üò± Stream the latest full episode of #BigBangTheory: https://t.co/iIw‚Ä¶,0.8126,0.303,0.697,0.0,99
399,CNN,Mon Jan 08 05:56:54 +0000 2018,"US President Donald Trump has deleted a Tweet citing his ""consensual presidency"" after the typo was caught by the T‚Ä¶ https://t.co/v8U2b4lgvM",0.0,0.0,1.0,0.0,1
400,CNN,Mon Jan 08 05:43:42 +0000 2018,Women take center stage at powerful #GoldenGlobes ceremony https://t.co/tM50pHGwBh https://t.co/nNwRpQcwWJ,0.4215,0.237,0.763,0.0,2
401,CNN,Mon Jan 08 05:39:08 +0000 2018,Oprah Winfrey may have won the Cecil B. DeMille award at the #GoldenGlobes but there is a name she wants you to know https://t.co/AVALpgYy4Q,0.5574,0.18,0.82,0.0,3
402,CNN,Mon Jan 08 05:30:09 +0000 2018,"A group of more than 1,000 women in entertainment, including Reese Witherspoon, Shonda Rhimes and Meryl Streep, hav‚Ä¶ https://t.co/sBKbFXlLO0",0.4215,0.141,0.859,0.0,4
403,CNN,Mon Jan 08 05:26:03 +0000 2018,"SpaceX kicked off the new year with a mystery-shrouded mission to deliver a government spacecraft, called Zuma, int‚Ä¶ https://t.co/6cuuyR37Kt",0.0,0.0,1.0,0.0,5
404,CNN,Mon Jan 08 05:19:35 +0000 2018,The complete list of all the #GoldenGlobes winners. https://t.co/spNuJIZslr https://t.co/pINBBAO6IW,0.4767,0.256,0.744,0.0,6
405,CNN,Mon Jan 08 05:16:58 +0000 2018,"Israel bars members from 20 groups, which advocate boycotting Israel from entering the country https://t.co/018yiPsueq",-0.4019,0.0,0.838,0.162,7
406,CNN,Mon Jan 08 05:02:11 +0000 2018,Sterling K. Brown makes #GoldenGlobes history as the first black actor to win for his leading performance in a TV d‚Ä¶ https://t.co/d6LkZjEx4C,0.5859,0.16,0.84,0.0,8
407,CNN,Mon Jan 08 05:01:51 +0000 2018,"It takes 300 people, 12,000 parts and a year to make a single Steinway &amp; Sons piano. Here‚Äôs how the pianos are made‚Ä¶ https://t.co/QXXndYEb7E",0.0,0.0,1.0,0.0,9
408,CNN,Mon Jan 08 04:44:03 +0000 2018,"Oprah Winfrey may have squashed speculation of a potential presidential bid in 2020, but #GoldenGlobes host Seth Me‚Ä¶ https://t.co/JSp8DMaWWl",0.0,0.0,1.0,0.0,10
409,CNN,Mon Jan 08 04:30:14 +0000 2018,Ripple's recent price spike has made it the second most valuable cryptocurrency after bitcoin. Here's how it works‚Ä¶ https://t.co/guOHyzhCQS,0.5256,0.159,0.841,0.0,11
410,CNN,Mon Jan 08 04:26:19 +0000 2018,Oprah Winfrey became the first black woman to receive the Cecil B. DeMille Award at the #GoldenGlobes and accepted‚Ä¶ https://t.co/yCc1F0pf5r,0.5423,0.156,0.844,0.0,12
411,CNN,Mon Jan 08 04:22:12 +0000 2018,Aziz Ansari is the first Asian male actor to win best leading performance in a TV musical or comedy at the‚Ä¶ https://t.co/m7iR3aWDmm,0.8885,0.368,0.632,0.0,13
412,CNN,Mon Jan 08 04:20:03 +0000 2018,RT @CNNent: That's a wrap! Thanks for following along with our #GoldenGlobes live blog. https://t.co/Ka6XYBXidk https://t.co/yHeD8tmZsh,0.4926,0.186,0.814,0.0,14
413,CNN,Mon Jan 08 04:15:07 +0000 2018,"JetBlue says it's handing out $21 million worth of bonuses to employees because of the corporate tax cut. All 21,00‚Ä¶ https://t.co/DWFUUbMKQ6",0.5267,0.215,0.703,0.082,15
414,CNN,Mon Jan 08 04:14:43 +0000 2018,RT @CNNent: In case you missed tonight's theme at the #GoldenGlobes. https://t.co/WkpndcbYHX https://t.co/EhStbCtQAz,-0.296,0.0,0.845,0.155,16
415,CNN,Mon Jan 08 04:10:22 +0000 2018,"RT @CNNent: ""Three Billboards Outside Ebbing, Missouri"" wins Best Motion Picture - Drama. #GoldenGlobes @3billboards
https://t.co/GIwbHVLxY‚Ä¶",0.836,0.378,0.622,0.0,17
416,CNN,Mon Jan 08 04:02:33 +0000 2018,"RT @CNNent: Frances McDormand wins Best Performance by an Actress in a Motion Picture - Drama for @3billboards #GoldenGlobes
https://t.co/Q‚Ä¶",0.836,0.331,0.669,0.0,18
417,CNN,Mon Jan 08 04:00:21 +0000 2018,Trump's first-year jobs record was strong. Just not as strong as Obama's last year. https://t.co/2G2xhYQzFl https://t.co/GIHktn0wkg,0.765,0.32,0.68,0.0,19
418,CNN,Mon Jan 08 03:59:20 +0000 2018,"A night of firsts at the #GoldenGlobes ...

‚Ä¢ Sterling K. Brown: first black actor to win for leading performance i‚Ä¶ https://t.co/VYDOrS9sz1",0.5859,0.167,0.833,0.0,20
419,CNN,Mon Jan 08 03:56:23 +0000 2018,"RT @CNNent: Gary Oldman wins Best Performance by an Actor in a Motion Picture - Drama for @DarkestHour #GoldenGlobes
https://t.co/BBqlVyg5u‚Ä¶",0.836,0.331,0.669,0.0,21
420,CNN,Mon Jan 08 03:53:12 +0000 2018,"RT @CNNent: Saoirse Ronan wins Best Performance by an Actress in a Motion Picture - Musical or Comedy for @LadyBirdMovie #GoldenGlobes
http‚Ä¶",0.886,0.38,0.62,0.0,22
421,CNN,Mon Jan 08 03:47:25 +0000 2018,"RT @CNNent: .@LadyBirdMovie wins Best Motion Picture - Musical or Comedy. #GoldenGlobes
https://t.co/osMplZhOST https://t.co/ZGKi90V5vu",0.886,0.51,0.49,0.0,23
422,CNN,Mon Jan 08 03:45:10 +0000 2018,RT @CNNent: The #GoldenGlobes continue to make history. Aziz Ansari is the first Asian male actor to win best leading performance in a TV m‚Ä¶,0.8402,0.267,0.733,0.0,24
423,CNN,Mon Jan 08 03:39:03 +0000 2018,"RT @CNNent: ""A new day is on the horizon."" Oprah Winfrey accepts her Cecil B. DeMille Award with a message to the young girls watching. htt‚Ä¶",0.7003,0.201,0.799,0.0,25
424,CNN,Mon Jan 08 03:37:23 +0000 2018,"""There's only one person whose name is a verb, an adjective, and a feeling. And that is Oprah.""

Reese Witherspoon‚Ä¶ https://t.co/aUlPB4jIit",0.128,0.077,0.923,0.0,26
425,CNN,Mon Jan 08 03:33:04 +0000 2018,"RT @CNNent: ""Here are the ALL-MALE nominees."" Natalie Portman presents the names for best director of a motion picture. #GoldenGlobes https‚Ä¶",0.6369,0.181,0.819,0.0,27
426,CNN,Mon Jan 08 03:30:18 +0000 2018,North Korea has accepted South Korea's proposal for official talks. The person-to-person talks will be held on Janu‚Ä¶ https://t.co/albDIuSESC,0.2732,0.104,0.896,0.0,28
427,CNN,Mon Jan 08 03:30:11 +0000 2018,"RT @CNNent: .@Big_Little_Lies wins Best Limited Series or TV Movie. #GoldenGlobes
https://t.co/hEOWDlTJPh https://t.co/dn7mjoReHH",0.7906,0.399,0.505,0.096,29
428,CNN,Mon Jan 08 03:27:22 +0000 2018,RT @CNNent: Oprah Winfrey electrifies the #GoldenGlobes while accepting a lifetime achievement award. https://t.co/bz86uJApg0 https://t.co/‚Ä¶,0.7269,0.337,0.663,0.0,30
429,CNN,Mon Jan 08 03:23:28 +0000 2018,RT @CNNent: True story. Reese Witherspoon introduces Oprah Winfrey for the Cecil B. DeMille lifetime achievement award at the #GoldenGlobes‚Ä¶,0.743,0.259,0.741,0.0,31
430,CNN,Mon Jan 08 03:21:36 +0000 2018,"RT @CNNent: Guillermo del Toro wins Best Director - Motion Picture for @shapeofwater #GoldenGlobes @RealGDT
https://t.co/FiVRxe2sgc https:/‚Ä¶",0.836,0.361,0.639,0.0,32
431,CNN,Mon Jan 08 03:13:23 +0000 2018,Aziz Ansari wins Best Performance by an Actor in a Television Series - Musical or Comedy for Master of None‚Ä¶ https://t.co/B2OQAt6060,0.886,0.394,0.606,0.0,33
432,CNN,Mon Jan 08 03:04:46 +0000 2018,RT @CNNent: The Marvelous Mrs. Maisel wins Best Television Series - Musical or Comedy. #GoldenGlobes @MaiselTV https://t.co/HhzYKeNKuG http‚Ä¶,0.936,0.524,0.476,0.0,34
433,CNN,Mon Jan 08 03:04:35 +0000 2018,"RT @CNNent: .@AzizAnsari wins Best Performance by an Actor in a Television Series - Musical or Comedy for @MasterofNone #GoldenGlobes
https‚Ä¶",0.886,0.394,0.606,0.0,35
434,CNN,Mon Jan 08 03:01:17 +0000 2018,This Juilliard musician spends weekend afternoons playing the New York subway. Here's why. https://t.co/DlnOXRTvBN https://t.co/BUGECW7PCr,0.2023,0.114,0.886,0.0,36
435,CNN,Mon Jan 08 02:51:53 +0000 2018,RT @CNNent: Ewan McGregor wins Best Performance by an Actor in a Limited Series or TV Movie for @FargoFX #GoldenGlobes  https://t.co/hZDocj‚Ä¶,0.7906,0.295,0.634,0.071,37
436,CNN,Mon Jan 08 02:46:55 +0000 2018,RT @CNNent: .@InTheFadeFilm wins Best Motion Picture - Foreign Language. #GoldenGlobes https://t.co/VQGy43zJR5 https://t.co/2XLEEc8E3V,0.836,0.441,0.559,0.0,38
437,CNN,Mon Jan 08 02:46:39 +0000 2018,The red carpet has an unexpected history going far beyond hosting the #GoldenGlobes . Here's why‚Ä¶ https://t.co/XqFlWba2lK,0.0,0.0,1.0,0.0,39
438,CNN,Mon Jan 08 02:38:46 +0000 2018,"Did your favorite win at the #GoldenGlobes? 

‚Ä¢ The winners list: https://t.co/SJPglAR8IZ
‚Ä¢ Live updates:‚Ä¶ https://t.co/6H0yUlQxN0",0.872,0.474,0.526,0.0,40
439,CNN,Mon Jan 08 02:38:13 +0000 2018,RT @CNNent: Martin McDonagh wins Best Screenplay - Motion Picture for @3Billboards #GoldenGlobes https://t.co/mXhPdGTXS8 https://t.co/joIYP‚Ä¶,0.836,0.397,0.603,0.0,41
440,CNN,Mon Jan 08 02:31:27 +0000 2018,"RT @CNNent: .@AllisonBJanney wins Best Performance by an Actress in a Supporting Role in a Motion Picture for @ITonyaMovie #GoldenGlobes
ht‚Ä¶",0.8957,0.403,0.597,0.0,42
441,CNN,Mon Jan 08 02:30:19 +0000 2018,"World's longest glass bridge opens in Hebei, China https://t.co/909lraeHtn (via @CNNTravel) https://t.co/DL1QPStunA",0.0,0.0,1.0,0.0,43
442,CNN,Mon Jan 08 02:26:46 +0000 2018,RT @CNNent: #PixarCoco wins Best Motion Picture - Animated. #GoldenGlobes https://t.co/0zPEfgLAnB https://t.co/BmuIhwcX9G,0.836,0.467,0.533,0.0,44
443,CNN,Mon Jan 08 02:25:52 +0000 2018,Sterling K. Brown makes #GoldenGlobes history as the first black actor to win for his leading performance in a TV d‚Ä¶ https://t.co/QI1CunVlvl,0.5859,0.16,0.84,0.0,45
444,CNN,Mon Jan 08 02:20:30 +0000 2018,"RT @CNNent: .@LauraDern wins Best Performance by an Actress in a Supporting Role in a Series, Limited Series or TV Movie for @Big_Little_Li‚Ä¶",0.872,0.364,0.572,0.064,46
445,CNN,Mon Jan 08 02:19:48 +0000 2018,RT @CNNent: Sterling K. Brown makes #GoldenGlobes history as the first black actor to win for his leading performance in a TV drama. https:‚Ä¶,0.5859,0.147,0.853,0.0,47
446,CNN,Mon Jan 08 02:16:26 +0000 2018,"Oprah Winfrey may have squashed speculation of a potential presidential bid in 2020, but #GoldenGlobes host Seth Me‚Ä¶ https://t.co/OXio4qeCQE",0.0,0.0,1.0,0.0,48
447,CNN,Mon Jan 08 02:10:59 +0000 2018,"RT @CNNent: James Franco wins Best Performance by an Actor in a Motion Picture - Musical or Comedy for @DisasterArtist #GoldenGlobes
https:‚Ä¶",0.886,0.38,0.62,0.0,49
448,CNN,Mon Jan 08 02:05:51 +0000 2018,Hollywood didn't just show up at the #GoldenGlobes intent on making a statement about women -- it also honored them. https://t.co/Xxb15ekJoc,0.5859,0.167,0.833,0.0,50
449,CNN,Mon Jan 08 02:03:28 +0000 2018,"RT @CNNent: ""This Is Me"" wins Best Original Song - Motion Picture for @GreatestShowman #GoldenGlobes
https://t.co/PRHEeV5dRV https://t.co/f‚Ä¶",0.8807,0.44,0.56,0.0,51
450,CNN,Mon Jan 08 02:00:19 +0000 2018,"Sorry, cat lovers, there's scientific proof that dogs are smarter https://t.co/9ADu2XYnwu https://t.co/N2MtNJAE9h",0.7269,0.383,0.539,0.078,52
451,CNN,Mon Jan 08 01:59:46 +0000 2018,"RT @CNNent: Alexandre Desplat wins Best Original Score - Motion Picture for @shapeofwater #GoldenGlobes
https://t.co/gCHqdBeTTE https://t.c‚Ä¶",0.8807,0.459,0.541,0.0,53
452,CNN,Mon Jan 08 01:57:54 +0000 2018,"RT @CNNent: Alexander Skarsg√•rd wins Best Performance by an Actor in a Supporting Role in a Series, Limited Series or TV Movie for @Big_Lit‚Ä¶",0.872,0.352,0.586,0.062,54
453,CNN,Mon Jan 08 01:56:55 +0000 2018,Find out the winners from tonight's #GoldenGlobes as they are announced here: https://t.co/HTybCsUOAw https://t.co/KihLWS28Fg,0.4767,0.193,0.807,0.0,55
454,CNN,Mon Jan 08 01:48:04 +0000 2018,"RT @CNNent: #HandmaidsTale wins Best Television Series - Drama. #GoldenGlobes @HandmaidsonHulu
https://t.co/LuhYHym490 https://t.co/2A3tWR9‚Ä¶",0.836,0.441,0.559,0.0,56
455,CNN,Mon Jan 08 01:46:19 +0000 2018,RT @CNNent: Sterling K. Brown wins Best Performance by an Actor in a Television Series - Drama for #ThisisUs #GoldenGlobes @SterlingKBrown‚Ä¶,0.836,0.317,0.683,0.0,57
456,CNN,Mon Jan 08 01:44:16 +0000 2018,"RT @CNNent: Corrected: Rachel Brosnahan wins Best Performance by an Actress in a TV comedy series for #MrsMaisel. #GoldenGlobes
https://t.c‚Ä¶",0.886,0.394,0.606,0.0,58
457,CNN,Mon Jan 08 01:39:00 +0000 2018,A group of A-list actresses brought activists for gender and racial justice to the #GoldenGlobes red carpet https://t.co/klq1SSpFXA,0.5267,0.175,0.825,0.0,59
458,CNN,Mon Jan 08 01:34:19 +0000 2018,RT @CNNent: Elisabeth Moss wins Best Performance by an Actress in a Television Series - Drama for #HandmaidsTale #GoldenGlobes https://t.co‚Ä¶,0.836,0.331,0.669,0.0,60
459,CNN,Mon Jan 08 01:32:05 +0000 2018,RT @CNNent: Rachel Brosnahan @RachelBros wins Best Performance by an Actress in a Motion Picture - Musical or Comedy for #MrsMaisel. #Golde‚Ä¶,0.886,0.38,0.62,0.0,61
460,CNN,Mon Jan 08 01:30:38 +0000 2018,Keep track of all the winners from tonight's Golden Globe Awards here: https://t.co/uTVDvLjqIK https://t.co/LkuMA1OaVo,0.7269,0.337,0.663,0.0,62
461,CNN,Mon Jan 08 01:30:08 +0000 2018,"ABC is staging ""Scandal"" and ""How to Get Away with Murder"" crossover episodes https://t.co/6FGHLtIpGN https://t.co/EAyaPFUUxI",-0.6908,0.0,0.749,0.251,63
462,CNN,Mon Jan 08 01:21:41 +0000 2018,"RT @CNNent: Sam Rockwell wins Best Performance by an Actor in a Supporting Role in a Motion Picture for @3Billboards. #GoldenGlobes
https:/‚Ä¶",0.8957,0.388,0.612,0.0,64
463,CNN,Mon Jan 08 01:21:27 +0000 2018,"RT @CNNent: Nicole Kidman wins Best Performance by an Actress in a Limited Series or TV Movie for @Big_Little_Lies #GoldenGlobes
https://t.‚Ä¶",0.7906,0.295,0.634,0.071,65
464,CNN,Mon Jan 08 01:10:34 +0000 2018,The dresses are black. The pins say #TimesUp. Sunday's Golden Globes are the first awards show since the Harvey Wei‚Ä¶ https://t.co/J0wC5DlqUf,0.4588,0.13,0.87,0.0,66
465,CNN,Mon Jan 08 01:00:18 +0000 2018,Children's Health Insurance Program (CHIP) funding could run out as soon as this month in some states‚Ä¶ https://t.co/Ce2OpVmHo1,0.0,0.0,1.0,0.0,67
466,CNN,Mon Jan 08 00:50:49 +0000 2018,"All eyes will be on Hollywood on Sunday night for the 75th Annual Golden Globe Awards, and not just for stargazing https://t.co/AfQc8xXNWX",0.4588,0.125,0.875,0.0,68
467,CNN,Mon Jan 08 00:31:59 +0000 2018,"""We've got a crazy leading the North Korea and we've got a crazy in the White House."" Democratic Rep. John Garamend‚Ä¶ https://t.co/sJHTmdn94r",-0.5859,0.0,0.789,0.211,69
468,CNN,Mon Jan 08 00:30:56 +0000 2018,"Seth Meyers will host the 75th Annual Golden Globe Awards, where roughly 90 members of the Hollywood Foreign Press‚Ä¶ https://t.co/K7nhL8VbXP",0.4588,0.136,0.864,0.0,70
469,CNN,Mon Jan 08 00:00:27 +0000 2018,Pope Francis is having cards printed and distributed showing a 1945 photo of victims of the nuclear bombing of Naga‚Ä¶ https://t.co/Qv5IG3bfHa,-0.3182,0.0,0.892,0.108,71
470,CNN,Sun Jan 07 23:30:17 +0000 2018,"JetBlue says it's handing out $21 million worth of bonuses to employees because of the corporate tax cut. All 21,00‚Ä¶ https://t.co/zZqJOSRMp1",0.5267,0.215,0.703,0.082,72
471,CNN,Sun Jan 07 23:00:20 +0000 2018,"How good the market under President Trump really is, in one chart https://t.co/LbKyzKttJK https://t.co/v4FRDFTsnm",0.4404,0.182,0.818,0.0,73
472,CNN,Sun Jan 07 22:45:08 +0000 2018,President Trump's first-year jobs record was strong. Just not as strong as Obama's last year.‚Ä¶ https://t.co/TVAODRSUN9,0.765,0.32,0.68,0.0,74
473,CNN,Sun Jan 07 22:30:06 +0000 2018,"The Trump administration has revealed its master plan for securing the border ‚Äî and it's going to cost $33 billion,‚Ä¶ https://t.co/NQBatUrJcM",0.3182,0.108,0.892,0.0,75
474,CNN,Sun Jan 07 22:15:08 +0000 2018,"The skeletons of two ancient infants, who lived and died in Alaska 11,500 years ago, are helping tell the story of‚Ä¶ https://t.co/h44WrSRDmc",-0.34,0.085,0.775,0.14,76
475,CNN,Sun Jan 07 22:00:21 +0000 2018,"""We're in a real constitutional crisis."" Investigative reporter Carl Bernstein says the task of reporting on Presid‚Ä¶ https://t.co/zoyWnqMcHs",0.0,0.0,1.0,0.0,77
476,CNN,Sun Jan 07 21:45:07 +0000 2018,"World's longest glass bridge opens in Hebei, China https://t.co/qlgLreGWd7 (via @CNNTravel) https://t.co/OFhnsCXGVO",0.0,0.0,1.0,0.0,78
477,CNN,Sun Jan 07 21:30:06 +0000 2018,"""I think that he (President Trump) always has to keep (North Korean leader) Kim (Jong Un) on his toes."" - US ambass‚Ä¶ https://t.co/46WNth7M6i",0.0,0.0,1.0,0.0,79
478,CNN,Sun Jan 07 21:15:07 +0000 2018,The 24 most grotesque lines from Jake Tapper's interview of White House senior adviser Stephen Miller‚Ä¶ https://t.co/ZLfTHW5TpW,0.0,0.0,1.0,0.0,80
479,CNN,Sun Jan 07 21:00:09 +0000 2018,Women share #WhyWeWearBlack ahead of Golden Globes https://t.co/iW0GJiOcdW https://t.co/rRtZ5TQnb5,0.296,0.216,0.784,0.0,81
480,CNN,Sun Jan 07 20:45:04 +0000 2018,Secretary of State Rex Tillerson's new line: President Trump is right on everything https://t.co/0Fjo7jSt6r (via @CNNOpinion),0.0,0.0,1.0,0.0,82
481,CNN,Sun Jan 07 20:30:09 +0000 2018,CIA director defends President Trump's mental abilities https://t.co/M8fQoFNtj9 https://t.co/cDtkvoQA0T,0.25,0.2,0.8,0.0,83
482,CNN,Sun Jan 07 20:15:10 +0000 2018,Water leak floods crowded JFK Airport baggage claim https://t.co/lyAB2vXjz4 https://t.co/ZzjBrTMoK5,-0.34,0.0,0.789,0.211,84
483,CNN,Sun Jan 07 20:00:09 +0000 2018,"""Fire and Fury"" author Michael Wolff says the 25th Amendment ‚Äî which addresses the transition of powers if a presid‚Ä¶ https://t.co/9DJWpEtppT",-0.7269,0.0,0.736,0.264,85
484,CNN,Sun Jan 07 19:45:09 +0000 2018,"Here is former White House chief strategist Steve Bannon's full statement on comments attributed to him in ""Fire an‚Ä¶ https://t.co/WFgbuLgpEn",-0.34,0.0,0.888,0.112,86
485,CNN,Sun Jan 07 19:30:56 +0000 2018,"Two commercial planes collide on the ground in Toronto, sparking a small fire and prompting the evacuation of dozen‚Ä¶ https://t.co/tozpXKwIAc",-0.4019,0.0,0.821,0.179,87
486,CNN,Sun Jan 07 19:15:07 +0000 2018,"""It doesn't take a genius"" to see President Trump is ""badgering"" the Clinton Foundation investigation, says House I‚Ä¶ https://t.co/F9OE3IXOHN",0.0,0.0,1.0,0.0,88
487,CNN,Sun Jan 07 19:00:19 +0000 2018,New Homeland Security Secretary Kirstjen Nielsen secretary faces her first immigration litmus test‚Ä¶ https://t.co/4IIbzqGJLr,0.34,0.156,0.844,0.0,89
488,CNN,Sun Jan 07 18:45:14 +0000 2018,Saudi Arabia arrests 11 princes protesting cuts to perks https://t.co/i1txXespuD https://t.co/Jjb7O0O5qM,-0.7845,0.0,0.503,0.497,90
489,CNN,Sun Jan 07 18:30:21 +0000 2018,Here's a look at the week in politics https://t.co/2IBAcXbiud https://t.co/i1JPHnAXLU,0.0,0.0,1.0,0.0,91
490,CNN,Sun Jan 07 18:15:07 +0000 2018,"This ministry has the ""intractable"" task of reuniting North and South Korea https://t.co/aE2YJdwCkt https://t.co/LnDFXx2FCa",0.0,0.0,1.0,0.0,92
491,CNN,Sun Jan 07 18:00:14 +0000 2018,US adds platform for stealth jets to Pacific https://t.co/zzJdaXDY3F https://t.co/q9CBqsReTY,-0.0772,0.0,0.874,0.126,93
492,CNN,Sun Jan 07 18:00:03 +0000 2018,Former White House chief strategist Steve Bannon says he regrets not responding sooner to comments attributed to hi‚Ä¶ https://t.co/XbfGSjwv7I,-0.3612,0.0,0.878,0.122,94
493,CNN,Sun Jan 07 17:45:15 +0000 2018,What you need to know about hackers who might try to exploit Spectre and Meltdown bugs https://t.co/mrnKPG2Oaz https://t.co/SMQkrNHn2h,-0.1027,0.0,0.924,0.076,95
494,CNN,Sun Jan 07 17:30:06 +0000 2018,"Actor Jerry Van Dyke, brother of Dick, dies at age 86 https://t.co/E0FabaOazB https://t.co/xbrFGdWlQd",-0.7096,0.0,0.651,0.349,96
495,CNN,Sun Jan 07 17:15:02 +0000 2018,The new tax law is expected to spark a $450 billion buyout bonanza for Wall Street https://t.co/jIgosqHNQF https://t.co/tTyCFgxQea,0.2263,0.106,0.894,0.0,97
496,CNN,Sun Jan 07 17:00:13 +0000 2018,"Sydney, Australia, swelters with near-record high temperature https://t.co/bbP4JamsYN https://t.co/U5cAGGTFmt",0.0,0.0,1.0,0.0,98
497,CNN,Sun Jan 07 16:51:20 +0000 2018,"""There's only one viewer you care about,"" CNN's Jake Tapper tells Trump aide Stephen Miller during fiery interview‚Ä¶ https://t.co/QiQFwegF5P",0.2023,0.142,0.752,0.106,99
498,CNN,Sun Jan 07 16:30:17 +0000 2018,"Attorney General Jeff Sessions' marijuana move will backfire, writes Michael Chernis for @CNNOpinion‚Ä¶ https://t.co/6ZDLmjl4nD",0.0,0.0,1.0,0.0,100
